収集日時,投稿日時,事業者,本文,判定
2026-08-01 00:34:55,2026-07-31 13:04:00,東北電力,東北電力ネットワークから停電情報が来ていた。狭めの範囲で400件ぐらいが落ち、原因探索中とあったがね x.com/mskr_dtv/statu…,ニュートラル
2026-08-01 00:34:55,2026-07-31 14:16:00,東北電力,今夜はまた一層 爺さんがボケてる 暗いのが停電してると 東北電力に電話して☎️って はい、わかった🙆って 言っておやすみって言ったら 部屋に戻って行った💮,ニュートラル
2026-08-01 00:34:55,2026-07-31 13:34:00,東北電力,懐かしいなと思ったら公式にフルサイズがあった。 東北電力ＣＭ「明日に向かって」long（元気ですか！歌詞付） youtu.be/gU3hGKJN9mQ?si… @YouTubeより,ニュートラル
2026-08-01 00:34:55,2026-07-31 13:48:00,東北電力,東北電力ガラポン抽選会はお米2合が当たった。 JALブースではエコバッグ貰ってマイレージ抽選に応募した。 キッチンカーは「肉祭」。 「ラムだっちゃ」…？ pic.x.com/APVdbMAueQ,ポジティブ
2026-08-01 00:34:55,2026-08-01 00:13:28,東北電力,（東北電力）2026.07.31 次世代エネ・グリーンエネオフサイトPPAによる再生可能エネルギーの導入～東北銀行グループで発電した再エネ由来の電力を東北銀行の営業店等に供給～ tohoku-epco.co.jp/news/normal/12… #iwakamiyasumi #iwakamiyasumi3,ニュートラル
2026-08-01 00:34:55,2026-07-31 14:07:00,東北電力,『東北電力 Ｔｅｒａｓｕ Ｌａｂ テラスラボ 第１弾 使用済み太陽光パネルのガラスを 青森県の伝統工芸品「津軽びいどろ」に アップサイクル ３種類の色鮮やかなグラスを製作』 東北電力 使用済み太陽光パネルを「びいどろ」に 地域と新たな価値創造 電気新聞ウェブサイト denkishimbun.com/archives/413996 pic.x.com/iOR26enCuJ,ニュートラル
2026-08-01 00:34:55,2026-07-31 14:31:00,東京電力,返信先:@shimacchau_obs他2人どんなに菅直人氏が嫌いであっても、それは違う。東京電力のせいです。,ネガティブ
2026-08-01 00:34:55,2026-07-31 13:49:00,東京電力,返信先:@19nOozEQoCPdnudapple製品一つも持ってないのにappleから請求。東京に住んでないのに東京電力からの督促。使ってないカード会社からの督促。だいたい決まったシリーズだったんですが、免許更新のは初でした😅 次々色々考えるもんですね。,ネガティブ
2026-08-01 00:34:55,2026-07-31 13:35:00,東京電力,『週刊金曜日』今週号に、連載『肯わぬ者からの手紙』第87信《政治家山本太郎を喪う意味／正義と知性は命脈尽きるか》を発表。山本の原則性は「3・11」東京電力福島第１原発事故から「政治」の道に入った経緯と不可分であること、その意味を捉え切れぬ人々が、現在の翼賛状況をもたらしていること等。,ネガティブ
2026-08-01 00:34:55,2026-07-31 13:16:00,東京電力,これは、3.11東日本大震災での福島第一発電所での事故と全く同じ構図であることが判る。 福島事故の直接の原因は津波による想定以上の被害で有った。 マスコミ報道各社が熊本地震でやっていることは、東京電力を悪者に仕立て上げたようにイオンを悪者に仕立て上げる卑怯なスクラム報道に他ならない。,ネガティブ
2026-08-01 00:34:55,2026-07-31 13:28:00,東京電力,返信先:@maya_pan0203他1人もっと上手く避難できる方法あったのかな？ もっとこうしてたら？と考えることも無くはないけど 正直東京電力や被災者以外の目を見ると 被災したことが負け組確定になりかねないってのと 被災したあと仕事探しに立ち寄った、新宿のハロワのおっさんの目忘れてないからな。,ネガティブ
2026-08-01 00:34:55,2026-07-29 00:43:00,東京電力,更に 能登の地震に関しても完了していない 今回 熊本地震で歳出を賄うも一時的なモノには終わらない それだけの被害がある さて どこから歳出するのだろう 東日本大震災での 東京電力での核処分は国の事業でしょう まだまだ続く どこに歳出が減る理由が見つかるのか 疑問でなりません x.com/Yasuko_Ragi/st…,ネガティブ
2026-08-01 00:34:55,2026-07-31 14:12:00,東京電力,渋谷区 円山町 nfm.nikkeibp.co.jp/atcl/fa/free/c… 「円山町のホテル経営者は何県出身者が多いかご存じだろうか。答えは岐阜県だ。戦後に急増した電力需要のため、東京電力は奥飛騨に巨大な御母衣ダムの建設を始めた。ダム湖に沈んだ村に住んでいた人たちが円山町に移り住み、立ち退き料でホテル経営を始めた」,ニュートラル
2026-08-01 00:34:55,2026-07-31 14:22:00,東京電力,また迷惑メールが届きました。 ほんとしつけーな🥴 こちとら東京電力管内じゃねーんだよ 頭悪いのか？botじゃ仕方ないか😮‍💨 しかも、このクソ暑い🫠のに送電停止？ 殺す気か？🤣 東京ってこんな安いの電気料金？🤔 受信拒否🚫しても、迷惑メールには届くんだ😳🤔 皆さん、お気をつけください。 pic.x.com/JK3ho6oy6l,ネガティブ
2026-08-01 00:34:55,2026-07-31 13:37:00,東京電力,東双みらいテクノロジー株式会社 第4期決算公告 福島県双葉郡大熊町 東京電力ホールディングス(証券コード: 9501) の関連会社 売上高：23億8779万5000円(前期比▲20.98%) 純利益：1億3953万5000円(前期比▲42.11%) 総資産：103億1657万7000円(前期比+64.14%) catr.jp/companies/ae54…,ニュートラル
2026-08-01 00:34:55,2026-07-31 13:48:00,東京電力,返信先:@tyamimaru_VABイオンに請求 東電は想定外が通用しなかった,ネガティブ
2026-08-01 00:34:55,2026-07-31 13:34:00,東京電力,返信先:@ibsuzukiあー、そうか。ミニキャブはミニキャブMiEVがありましたね。 550ccのエンジンを搭載したU10型を東電かどこかがコンバートした物だったそうです。,ニュートラル
2026-08-01 00:34:55,2026-07-31 14:14:00,東京電力,"返信先:@chico93240330他1人嘘つきで、国から税金引き出すことが上手な企業の方が優遇される不思議。 なお、そんな東電従業員の平均年収は8,595,666円だそうです。 nikkei.com/nkd/company/sa…",ポジティブ
2026-08-01 00:34:55,2026-07-31 23:42:46,東京電力,返信先:@doroicarv_nobそんな事あるんですか！？ お客さんが直接、東電電話して 40Aから60Aに変更したら どうなるんだろ？ スマートメーターで管理することに なった最初だけSB外しに東電の人来る認識だった（その後は遠隔操作で契約変更可能）,ニュートラル
2026-08-01 00:34:55,2026-07-31 14:13:00,東京電力,(っﾟ▽ﾟ)っ これだって「日本製紙の瑕疵か？」 倒壊した家屋も含め 津波の東電の例もあった訳だが 基本、震災に関して「責任うんぬん」で 追いかけまわすのは、直後としては違うだろ そんな事で救済・救護活動の邪魔をするな jisin.jp/domestic/25935…,ネガティブ
2026-08-01 00:34:55,2026-07-31 13:19:00,東京電力,返信先:@kei_dbdqct珪様✨ お言葉、感謝です✨ 元・東電！電気のエキスパートっ！！ 別の部屋には、コンセントが無いんです〜😭 1Kですが、キッチン側は冷蔵庫と警報器で埋まってるし、手が届きにくいし… で、かなり前ですが、クーラーつけたままドライヤーかけてたら、ブツッと部屋が暗くなりまして🤣,ネガティブ
2026-08-01 00:34:55,2026-07-31 10:28:00,東京電力,ほんまこういうとこすげえなと思うし、ガスや水道復旧より物理的にやりやすいとはいえど、東北の地震があった後に東電がやらかした後でもオール電化住宅が選ばれやすかったのがとてもわかる。 逆にガスと水道は本当に工事に関わるとわかるけど大変なんよ。電気が大変ではないとは言わんけど x.com/47news_officia…,ネガティブ
2026-08-01 00:34:55,2026-07-23 13:05:00,東京電力,#令和8年熊本地震 #熊市街地出没 酷暑のなか、餌の枯渇から里山更に市街地へと、進んだ熊問題。それと平行しての２度目の熊本地震災害。震度7は、東日本大震災を含め最大の震度値。 東日本大震災の直前には、熊本県で『清水』の２文字を含む地名の殺人事件に続き東電社長の清水社長の記事が続いた。 x.com/toshigmd/statu…,ネガティブ
2026-08-01 00:34:55,2026-07-31 13:22:00,東京電力,#熊本県・令和8年熊本地震 下記リポストの中、表記を正しい時間順序を示すと、熊本県内の『清水』の２文字を含む地名で起きた殺人事件の後、東日本大震災が発生。そしてチェリノブイリ原発と同じ原因(電源喪失)で福島第一原子力発電所(東電=清水社長:当時)がメルトダウンに至った。(事件は熊本市内。) x.com/toshigmd/statu…,ニュートラル
2026-08-01 00:34:55,2026-08-01 00:17:46,東京電力,返信先:@doroicarv_nob調べてみました。 東電では工事終了、在庫無し。 分電盤交換説明してます。 在職してましたが無責任過ぎますね、はあ～ 昔からそんな傾向は有りましたけど、、、２階に上げて梯子を外す 東邦電気株式会社で取り扱いが有りそうですが 聞いてみないと分かりません。 後は盤交換かスリーブ、端子台工事？ pic.x.com/O66cc5Bl4Z,ネガティブ
2026-08-01 00:34:55,2026-07-31 14:19:00,中部電力,中部電力は2026年1月5日に第三者委員会を設置を公表している。 委員長高嶋智光弁護士（Ｔ＆Ｋ法律事務所） 委員角谷直紀弁護士（Ｔ＆Ｋ法律事務所） 委員森川久範弁護士（ＴＭＩ総合法律事務所）,ニュートラル
2026-08-01 00:34:55,2026-07-31 13:32:00,中部電力,7月31日の23時からシステムメンテナンスって書いてあるのに22時過ぎにはアクセスできなくなってるのはなぜ？ ちなみに利用停止だけがダメで新規とかは申し込み出来そうだけど 中部電力ミライズさん,ネガティブ
2026-08-01 00:34:55,2026-07-31 13:17:00,中部電力,#7月を動画4枚で振り返る #7月を4枚の動画で振り返る ①名古屋市港区田んぼアート ②中部電力ミライタワー ③豊田おいでんまつり花火大会 ④豊田おいでんまつり花火大会 pic.x.com/uW2HJvNdME,ニュートラル
2026-08-01 00:34:55,2026-07-31 14:37:00,中部電力,福井備蓄マリン株式会社 第41期決算公告 福井県坂井市 中部電力(証券コード: 9502) の関連会社 純利益：▲315万7000円(赤字転換) 総資産：1億2287万4000円(前期比▲5.22%) catr.jp/companies/9d99…,ニュートラル
2026-08-01 00:34:55,2026-07-31 14:33:00,中部電力,福井備蓄保安サービス株式会社 第41期決算公告 福井県福井市 中部電力(証券コード: 9502) の関連会社 純利益：▲57万8000円(赤字転換) 総資産：1億7247万8000円(前期比▲6.0%) catr.jp/companies/a25d…,ニュートラル
2026-08-01 00:34:55,2026-07-31 23:55:39,中部電力,返信先:@47news_official九電すごいな。あと中電はまだ本当の力を発揮していない…,ネガティブ
2026-08-01 00:34:55,2026-07-31 13:56:00,関西電力,返信先:@taka_pe＞家の外のブレーカー ブレーカーは家の中にしかありません 関西電力が定期的に漏電を確認されています むかし電気ポットを使っていた頃は よくブレーカーが落ちました,ネガティブ
2026-08-01 00:34:55,2026-08-01 00:14:52,関西電力,（関西電力）2026年7月31日 再生可能エネルギー 小鳥川発電所の営業運転開始 kepco.co.jp/corporate/pr/2… #iwakamiyasumi #iwakamiyasumi3,ニュートラル
2026-08-01 00:34:55,2026-08-01 00:14:52,関西電力,（関西電力）2026年7月31日 経営・財務関連 ２０２７年３月期 第１四半期決算短信 kepco.co.jp/corporate/pr/2… #iwakamiyasumi #iwakamiyasumi3,ニュートラル
2026-08-01 00:34:55,2026-07-31 14:15:00,関西電力,📝 関西電力(9503)の決算をNOTEで詳しく解説したよ✨ 5テーマをまるごとまとめたから読んでみてね👇 note.com/notes/n2e12b82… #関西電力 #銘柄コード9503 #決算 #株初心者 #日経225,ニュートラル
2026-08-01 00:34:55,2026-07-31 14:22:00,関西電力,配当は年80円の予想で変更なし🌸 中間40円+期末40円で、前期の75円から増配！😊 利益は減ってるけど株主還元は維持してくれるの嬉しいな💰 配当利回り重視の私には安心材料かも✨ #関西電力 #銘柄コード9503 #決算 #株初心者 #日経225,ポジティブ
2026-08-01 00:34:55,2026-07-31 14:24:00,関西電力,長期戦略の詳細は説明資料に記載予定とのこと💭 脱炭素とか再エネ投資の方向性が気になるところ📈 インフラ株として安定性はあるから、今後の成長戦略次第では長期で面白そうかなって個人的には思ってる🌸 #関西電力 #銘柄コード9503 #決算 #株初心者 #日経225,ポジティブ
2026-08-01 00:34:55,2026-07-31 14:19:00,関西電力,"営業利益が前年の1,289億円から203億円まで減ったのが一番気になるポイント💭 詳細は説明資料待ちだけど、おそらく燃料費とか設備投資の影響かも。この規模の減益は今後の戦略発表をしっかり見ておきたいところ📊 #関西電力 #銘柄コード9503 #決算 #株初心者 #日経225",ニュートラル
2026-08-01 00:34:55,2026-07-31 13:37:00,関西電力,【今日の決算メモ📝⑦】 ✅電源開発 ・27年3月期Q1の連結経常利益は前年同期比45.9％減の395億円 ・通期計画の1250億円に対する進捗率は31.6％（5年平均は26.8％） ・業績および配当見通しに変更なし ✅関西電力 ・27年3月期Q1の連結経常利益は前年同期比60.8％減の528億円,ニュートラル
2026-08-01 00:34:55,2026-08-01 00:14:52,関西電力,個人的な関関同立の就職勝ち組企業10 🥇 伊藤忠商事 🥈 東京海上日動 🥉 キーエンス ④ 三菱商事 ⑤ トヨタ自動車 ⑥ サントリー ⑦ 野村総合研究所 ⑧ 任天堂 ⑨ 関西電力 ⑩ アクセンチュア 関関同立からこの辺に就職できたら学部内で噂になります笑 私、就活負け組かも…？と思った方👇 pic.x.com/zHYqzOLUPA,ニュートラル
2026-08-01 00:34:55,2026-08-01 00:00:52,関西電力,『関西電力 2026年4～6月期決算 営業利益が前年同期と比べ 84.2%減の203億円 中東情勢の影響で原油や液化天然ガスの 燃料費がかさんだ 美浜原発3号機が蒸気漏れ事故で停止し 利益を押し下げる要因と』 関電 営業利益8割減 美浜原発の蒸気漏れ事故の影響も 4~6月期 朝日新聞 asahi.com/articles/ASV70…,ニュートラル
2026-08-01 00:34:55,2026-07-31 14:31:00,関西電力,スーパーマンダイのCMの発音が気になった。 岩ちゃんの関電の発音くらいには気になってしまった。,ニュートラル
2026-08-01 00:34:55,2026-08-01 00:15:23,関西電力,最初は閲覧数も伸びず、フォロワーも身内や友達やスパムばかりだったが、だんだん他のマンション反対や環境考える方などからもフォローやいいねを貰えるようになり、まだまだだが多少見てもらえるようになったか…と思う。繰り返すが関電不動産開発と手下のヘイセイエステートは対応が酷すぎるから、仮,ネガティブ
2026-08-01 00:34:55,2026-08-01 00:00:23,関西電力,『美浜原発では5月8日に事故が発生 その後42日間にわたって 運転が止まったことで 営業利益を80億円押し下げた 売上高は前年同期比9.8%増の1兆79億円 最終的なもうけを示す純利益は1370億円と 前年同期の991億円を上回った グループ会社の株式売却で 1050億円の特別利益を計上』 関電は株で稼ぐ！,ニュートラル
2026-08-01 00:34:55,2026-07-31 14:23:00,中国電力,返信先:@doroicarv_nob中国電力の様にアンペアブレーカーとか謎文化やめればええやん と思うんだけどな〜,ネガティブ
2026-08-01 00:34:55,2026-08-01 00:26:11,中国電力,ドローンショーはとても良かった！角度的に少しずれてるけどまあよかろう。試合が早めに終わってたのも良かった。 帰宅したら中国電力の懸賞に当たってた。去年のファン感の森下タオル届いてた。 pic.x.com/4PzYMSMdfx,ポジティブ
2026-08-01 00:34:55,2026-08-01 00:38:11,中国電力,北海道マラソン2026 主な男子エリート競技者 120:池田勘汰（中国電力） 123:久保和馬（西鉄） 124:小森稜太（三重陸協） 126:大田和一斗（栃木陸協） 127:飯田貴之（富士通） 128:N・ベンジャミン（K-pro） #北海道マラソン #MGCシリーズ,ニュートラル
2026-08-01 00:34:55,2026-07-31 23:55:43,中国電力,返信先:@47news_official九電すごいな。あと中電はまだ本当の力を発揮していない…,ネガティブ
2026-08-01 00:34:55,2026-08-01 00:17:13,四国電力,（四国電力）2026.07.31 2026年7月 社長定例記者会見の概要 yonden.co.jp/press/2026/121… #iwakamiyasumi #iwakamiyasumi3,ニュートラル
2026-08-01 00:34:55,2026-07-31 14:42:00,四国電力,海水を淡水に変えるための補助電力には今治市にある造船所から蒸気タービン、発電機の中古の機器を安く譲ってもらい、あと、三浦工業の技術を生かして、電力を作り、メインは四国電力を使いませんか？環境問題対策のために。,ニュートラル
2026-08-01 00:34:55,2026-08-01 00:20:45,四国電力,中東情勢影響か「マンダリンオリエンタルホテル瀬戸内」開業が２８年に遅れる見通し 四電社長が会見 香川(OHK岡山放送) #Yahooニュース news.yahoo.co.jp/articles/a2b2f…,ニュートラル
2026-08-01 00:34:55,2026-07-31 14:35:00,九州電力,九州電力復旧はやい！よーやった！,ポジティブ
2026-08-01 00:34:55,2026-07-31 13:23:00,九州電力,さすが電力業界最強の九州電力だ 復旧早い,ポジティブ
2026-08-01 00:34:55,2026-08-01 00:16:13,九州電力,返信先:@485channel九州電力さんに感謝です。,ポジティブ
2026-08-01 00:34:55,2026-07-31 14:39:00,九州電力,九州電力お疲れ様だよ… インフラ企業はどこも頭が下がる,ポジティブ
2026-08-01 00:34:55,2026-07-31 23:52:13,九州電力,九州電力さん含め復旧作業に関わる方々、お疲れ様です...！！,ポジティブ
2026-08-01 00:34:55,2026-07-31 10:28:00,九州電力,九州電力すごい👏 x.com/47news_officia…,ポジティブ
2026-08-01 00:34:55,2026-07-31 08:02:00,九州電力,すごいぞ！九州電力！ x.com/Twilightepco/s…,ポジティブ
2026-08-01 00:34:55,2026-07-31 10:28:00,九州電力,九州電力ありがとー😭 x.com/47news_officia…,ポジティブ
2026-08-01 00:34:55,2026-07-31 10:28:00,九州電力,マジか。 すげーな九州電力👍 x.com/47news_officia…,ポジティブ
2026-08-01 00:34:55,2026-07-31 13:28:00,九州電力,熊本全土、停電復旧本当に有り難い。九州電力はじめ、尽力された方々に感謝…。,ポジティブ
2026-08-01 00:34:55,2026-07-31 10:28:00,九州電力,九州電力さんありがとうございます x.com/47news_officia…,ポジティブ
2026-08-01 00:34:55,2026-07-31 14:03:00,九州電力,返信先:@47news_official九州電力の方々、猛暑の中、お疲れさまでした。,ポジティブ
2026-08-01 00:34:55,2026-07-31 10:28:00,九州電力,九州電力の皆さんありがとうございます😭🙏✨ x.com/47news_officia…,ポジティブ
2026-08-01 00:34:55,2026-08-01 00:37:13,九州電力,九州電力 頑張ったな ご苦労様です もちろん、上下水道工事の指定業者さん、ガス会社さんも,ポジティブ
2026-08-01 00:34:55,2026-07-31 10:28:00,九州電力,九州電力の皆様、本当にありがとうございます。 x.com/47news_officia…,ポジティブ
2026-08-01 00:34:55,2026-08-01 00:25:13,九州電力,停電は解消されたみたい😄🙌 九州電力送配電HPより pic.x.com/f5FeYkPLGu,ポジティブ
2026-08-01 00:34:55,2026-08-01 00:29:13,九州電力,返信先:@47news_official他1人よかった、、、 さすが九州電力👏 あとは水ですね🥺,ポジティブ
2026-08-01 00:34:55,2026-07-31 10:28:00,九州電力,早い！さすがは九州電力といったところか。 #熊本地震 x.com/47news_officia…,ポジティブ
2026-08-01 00:34:55,2026-07-31 10:28:00,九州電力,現場作業は九電工かな？？ 九電工、九州電力ありがとう！ x.com/47news_officia…,ポジティブ
2026-08-01 00:34:55,2026-07-31 10:28:00,九州電力,さすが！九州電力の関係者の皆様、ありがとうございます。 x.com/47news_officia…,ポジティブ
2026-08-01 00:34:55,2026-07-31 10:28:00,九州電力,昼夜問わず頑張ってくれた九州電力現場作業員の方々リスペクト x.com/47news_officia…,ポジティブ
2026-08-01 00:34:55,2026-07-31 13:35:00,九州電力,地元だけどボランティアで使えるわけだから今月来月は電気代無料でよくない。 利益？ #九州電力 #熊本県,ネガティブ
2026-08-01 00:34:55,2026-07-31 10:28:00,九州電力,九州電力お疲れ様です!! 台風のノウハウがここで本領発揮しましたね x.com/47news_officia…,ポジティブ
2026-08-01 00:34:55,2026-07-31 14:08:00,九州電力,熊本地震による停電はすべて解消 九州電力発表 youtu.be/p-4cHbvi-F8?si… @YouTubeより,ポジティブ
2026-08-01 00:34:55,2026-07-31 14:41:00,九州電力,【速報】熊本の停電おおむね解消と九州電力|47NEWS（よんななニュース） 47news.jp/14718260.html,ポジティブ
2026-08-01 00:34:55,2026-07-31 10:28:00,九州電力,迅速な復旧ですばらしいですね。 #令和８年熊本地震 #令和８年熊本震災 #九州電力 x.com/47news_officia…,ポジティブ
2026-08-01 00:34:55,2026-07-31 11:07:00,九州電力,【速報】熊本の停電おおむね解消と九州電力 #47NEWS 47news.jp/14718260.html?… これはよかった。,ポジティブ
2026-08-01 00:34:55,2026-07-31 13:34:00,九州電力,返信先:@hst_tvasahi↓ 流石である #九州電力 #クラフティア（#旧九電工） 高圧送電開始 基本的には、停電から復旧,ネガティブ
2026-08-01 00:34:55,2026-07-31 10:28:00,九州電力,九州電力の職員さんたち、ほぼ不眠不休で復旧に当たったんやろなあ…本当に頭が下がります。 x.com/47news_officia…,ネガティブ
2026-08-01 00:34:55,2026-07-31 14:34:00,九州電力,【速報】熊本の停電おおむね解消と九州電力 #47NEWS 47news.jp/14718260.html @47news_officialより,ニュートラル
2026-08-01 00:34:55,2026-07-31 11:53:00,九州電力,九州電力さん、素晴らしい〜 エアコン使って涼しく過ごされますように。あとは水道ですかね？ 熊本地震 x.com/kkt_4ch/status…,ポジティブ
2026-08-01 00:34:55,2026-07-31 10:28:00,九州電力,九州電力は台風とかで慣れてるから 停電からの復旧めっちゃ早いの🥺 これはほんとに助かる！ あとは水！ x.com/47news_officia…,ポジティブ
2026-08-01 00:34:55,2026-07-31 14:26:00,九州電力,返信先:@remakeanegoいやいや、そう云う意味じゃなくて（笑）真面目に解消されたのかな？って。今キクさん九州電力の情報読んでたから・・・,ニュートラル
2026-08-01 00:34:55,2026-08-01 00:01:13,九州電力,【速報】熊本の停電おおむね解消と九州電力 #47NEWS 47news.jp/14718260.html はええ！！ 関係者の皆様ありがとうございます。,ポジティブ
2026-08-01 00:34:55,2026-07-31 10:28:00,九州電力,素晴らしいです😭 九州電力さん、きっと昼夜問わず復旧に尽力してくださったのでしょう✨ 頭が下がります🙇‍♀️ x.com/47news_officia…,ポジティブ
2026-08-01 00:34:55,2026-07-31 10:28:00,九州電力,九州電力の方々本当にありがとうございます。 私の職場付近の電柱の修繕もすぐ行なっていただき本当に助かりました。 x.com/47news_officia…,ポジティブ
2026-08-01 00:34:55,2026-08-01 00:16:13,九州電力,R7熊本地震「九州電力 停電情報」 🟩 停電は復旧した様です!! kyuden.co.jp/td_teiden/kyus… pic.x.com/D1GCehYf2L,ニュートラル
2026-08-01 00:34:55,2026-07-31 10:45:00,九州電力,>九州電力によりますと、停電は概ね解消されたということです。 news.yahoo.co.jp/articles/a38cd… x.com/tabinidetain/s…,ポジティブ
2026-08-01 00:34:55,2026-08-01 00:17:13,九州電力,返信先:@47news_officialテレビでですが、猛暑の中懸命に働いておられる姿を見て、涙が出ました。 本当に、感謝しかありません。 有難うございました🙏 #九州電力,ポジティブ
2026-08-01 00:34:55,2026-07-31 13:36:00,九州電力,「猛暑日となった八代市。九州電力は、停電は県内ですべて復旧したと発表しました。ただ、水道は復旧していません」…。 news.yahoo.co.jp/articles/77e9a…,ニュートラル
2026-08-01 00:34:55,2026-08-01 00:18:13,九州電力,（九州電力）7月31日 「液化ガス貯蔵設備の容量等」について kyuden.co.jp/news/notice/26… #iwakamiyasumi #iwakamiyasumi3,ニュートラル
2026-08-01 00:34:55,2026-07-31 13:51:00,九州電力,九州電力お疲れさまでした。送配電までは復旧してもまだ引き込み線が切れてるお家もあるだろうし、何よりも家の中の線や電気器具のコードが傷ついてる場合は火事にも気をつけないといけないよね。,ネガティブ
2026-08-01 00:34:55,2026-07-31 10:28:00,九州電力,九州電力の方々、大変な暑さの中急ピッチで復旧作業に当たって下さり感謝します。 まだ完全に終わりではないでしょうが、安全第一でお願い致します。 x.com/47news_officia…,ポジティブ
2026-08-01 00:34:55,2026-07-31 14:04:00,九州電力,地震による大規模な停電の復旧を進めていた九州電力送配電は31日、復旧工事が完了したと発表しました。一部の住宅では停電が続いている恐れがありますが、大規模な停電は解消したということです。,ポジティブ
2026-08-01 00:34:55,2026-07-31 10:28:00,九州電力,おおむねということはまだ完全ではないのかな？ がんばって！九州電力！(ありがとう九州電力) あとは台風がこっちに来ないように全力で念を送る🔮🔥🔥 x.com/47news_officia…,ポジティブ
2026-08-01 00:34:55,2026-07-31 13:35:00,九州電力,返信先:@KNS7573ガスはちょっとわかりませんが、電気は復旧に向けて九州電力の方が対応してくださってます。 私の職場付近の電柱から火花が出ましたので、その時に電話した際に言われてました。,ニュートラル
2026-08-01 00:34:55,2026-08-01 00:12:13,九州電力,返信先:@moeruasia01政府というより、現場がすごいですよね。 九州電力、クラブティア(元九電工) 昔からよく台風で停電しましたが、数日で復旧くださってました。 いつもありがとうございます。,ポジティブ
2026-08-01 00:34:55,2026-07-31 13:24:00,九州電力,返信先:@moeruasia01九州電力は原発を確保し、国内最安値で電力供給しております。 やはり、原発があるから早めに、余裕のある電力供給再開を実現できたのかも知れません。 原発、デキる子なんですけどね。,ポジティブ
2026-08-01 00:34:55,2026-07-31 10:28:00,九州電力,九州電力の作業員が、真夜中の道路を、電柱を、黙々と回っていた。 おおむね解消の四文字の裏に、 名前も出ない人たちの一晩がある。 九電の皆様、本当にありがとうございます。 x.com/47news_officia…,ポジティブ
2026-08-01 00:34:55,2026-07-31 13:22:00,九州電力,わたし大阪台風のとき3日間停電断水経験した 9月前半だったけどそれでも暑くて地獄だった 2匹の猫もいた 猫は暑さに強いとはいえあれ以上続いたらやばかった あれしきのことでトラウマになってる どうか1軒でも早く通電を 九州電力頑張れ,ネガティブ
2026-08-01 00:34:55,2026-07-31 10:28:00,九州電力,2026-07-31 22:39 九州電力管内 停電ゼロになってるすげえ 熊本地震 これが南海トラフや関東大震災だったら 3日なんかで全復旧しない。 pic.x.com/4fcu2q54R4 x.com/47news_officia…,ネガティブ
2026-08-01 00:34:55,2026-07-31 14:43:00,九州電力,ローソンと九州電力は災害時の相互協力協定を結んでおり、その協定に基づいてローソンは、食料、歯ブラシ、歯磨き粉、下着、制汗シートなどの支援物資を現地に送ってくれました。 pic.x.com/n2iIFx7jwK x.com/Sankei_news/st…,ニュートラル
2026-08-01 00:34:55,2026-07-31 13:23:00,九州電力,【速報】九州電力の停電解消（熊本日日新聞） #Yahooニュース approach.yahoo.co.jp/r/QUyHCH?src=h…私は一番大きな電力源のレバーを入れました。でもそれは情報が入らなかったので失敗してしまったのかと思いました。結果良かったです。,ポジティブ
2026-08-01 00:34:55,2026-07-31 14:28:00,九州電力,カウント132日目 熊本、断水7万9千戸 停電はおおむね解消と九州電力 8月食品値上げは2300品目超 9月に値上げされる食品は4500品目を超える見込み…コレ個人でどうしろと？ 円が160から下がったり戻ったり 米財務省、円相場への介入可能性を銀行に通知＝ロイター報道,ネガティブ
2026-08-01 00:34:55,2026-07-31 23:46:13,九州電力,【停電解消も…断水・テントでの避難生活続く】 ｜ ▼スーパーに電気届かず… 九州電力は熊本県内の停電解消を発表 しかし、熊本・氷川町のスーパーではブレーカーをオンにしても電気がつかなかったという ファミリーフードありさ宮原店 吉田翔太社長 pic.x.com/Czp4kRG3Qz,ニュートラル
2026-08-01 00:34:55,2026-07-31 13:22:00,九州電力,返信先:@jPHtF0Wq0Q84989他1人たけでーす！ 「たけ」って奴でーす！ 電気がホイホイ使えるとは思ってないけど九州電力の報告では個人宅への配線がダメージ受けてない限り本日電気は復旧してるよね。 スポットクーラーも電気ないと動かせないよね？ 矛盾してるよね？ 何が言いたいの？,ネガティブ
2026-08-01 00:34:55,2026-07-31 13:48:00,九州電力,返信先:@Crescen13243974こんばんは🌙😃❗ ようやく九州電力から送電が始まったみたいですが…途中で倒壊した電信柱とかで送れてない場所も多くあるみたいで💦 水も近々復旧出来るみたいですが全世帯が対象じゃないかもしれません… 災害関連死が7割と言われてるのでなんとか乗り切ってほしいです✊,ネガティブ
2026-08-01 00:34:55,2026-08-01 00:17:13,九州電力,（九州電力）7月31日 「九州エリアでの地震（震度４以上）発生時の原子力発電所の状況」ページの一部掲載資料について追記をしました（７月28～29日／安全上重要な設備の動作試験完了を追記） kyuden.co.jp/business_outli… #iwakamiyasumi #iwakamiyasumi3,ニュートラル
2026-08-01 00:34:55,2026-07-31 23:59:13,九州電力,含み益239万。 キオクシア、そして伝説へ。 いやほんまにマジで。 引け後のPTSの値動きはエゲツなかったよ。 あの急落の中で45000円付近で大量に買った人いたよね。 そこからの上下もエグい。 ヤクルト本社も九州電力も決算出てたけどどうせまだ売らないから見てもない。 pic.x.com/1X0Sb5KHGl,ネガティブ
2026-08-01 00:34:55,2026-07-31 13:52:00,九州電力,今週も超多忙の日々を乗り切りました。 夏のスタミナ補給には鰻。 野菜もしっかり、味噌もバッチリ。 明日は久し振りの完全オフなので、 大爆睡しようと思います。 それにしても九州電力さん、 3日目に停電ゼロに！凄いです。 涼しくして少しでもゆっくり 眠ってください、と思うのです。 pic.x.com/8ljKeLdFkh,ポジティブ
2026-08-01 00:34:55,2026-08-01 00:27:13,九州電力,熊本地震による停電復旧「今夜は眠れる」震度7を観測した被災地では KAB熊本朝日放送の動画 九州電力は（7月）31日、熊本県内の停電復旧のための高圧配電線の復旧が完了したと明らかにしました。 氷川町の道の駅 竜北では・・・ youtu.be/E_Dn9AwyjYY?si… #熊本地震 #停電 #熊本県 #氷川町 #道の駅,ニュートラル
2026-08-01 00:34:55,2026-07-31 13:56:00,九州電力,『令和８年熊本地震 県内で最大４万８５３０戸 （２８日午後５時９分）停電 ３１日夕にも高圧配電線が復旧する見込み ３０日午後４時時点 停電戸数が１万５１８０戸まで減少』 熊本地震 高圧配電線きょう復旧 九州電力・九州送配電 １４００人体制で 電気新聞ウェブサイト denkishimbun.com/archives/414005 pic.x.com/KK2KXCUot0,ニュートラル
2026-08-01 00:34:55,2026-07-31 13:24:00,九州電力,返信先:@sakaturnさすがの九電さん👏😊,ポジティブ
2026-08-01 00:34:55,2026-07-31 10:58:00,九州電力,九電すごい x.com/moeruasia01/st…,ポジティブ
2026-08-01 00:34:55,2026-07-31 13:43:00,九州電力,自衛隊さんたちや九電の人たちもすごいな。クラフティアか,ポジティブ
2026-08-01 00:34:55,2026-07-31 13:27:00,九州電力,九電すごいななつ@G党&26@natyus213:27,ポジティブ
2026-08-01 00:34:55,2026-07-31 10:28:00,九州電力,九電ナイスでーす x.com/47news_officia…,ポジティブ
2026-08-01 00:34:55,2026-07-31 10:28:00,九州電力,九電は仕事はやい x.com/47news_officia…,ポジティブ
2026-08-01 00:34:55,2026-08-01 00:05:47,九州電力,九電もうほぼ全域で停電解消したのか凄いなぁ 本当にお疲れ様です,ポジティブ
2026-08-01 00:34:55,2026-07-31 23:52:47,九州電力,良かった！ありがとう九電！！ふゆ子@helensb1052分前,ポジティブ
2026-08-01 00:34:55,2026-07-31 07:27:00,九州電力,九電は伊達じゃない x.com/kyuden_souhai/…,ニュートラル
2026-08-01 00:34:55,2026-07-31 13:22:00,九州電力,高圧だ… 九電は偉業レイラ🫖メイド社労士®︎@Ht8Sul13:22,ポジティブ
2026-08-01 00:34:55,2026-07-31 23:47:47,九州電力,ほんま九電の回復力すごい、前のときも復旧早かったけどさらに早い…………,ポジティブ
2026-08-01 00:34:55,2026-07-31 14:16:00,九州電力,おっ わが県の停電が解消している！！！！ 九電さん、暑い中おつかれさまです…！,ポジティブ
2026-08-01 00:34:55,2026-07-31 13:38:00,九州電力,我らが九電でかした九電𝕏浅沼みそ(し)はぴぴ𝕏@misoshywww13:38,ニュートラル
2026-08-01 00:34:55,2026-07-31 12:31:00,九州電力,すばらし！！！ かっこいいよ！九電！ x.com/satorika/statu…,ポジティブ
2026-08-01 00:34:55,2026-07-31 12:34:00,九州電力,九電スゲーな。全軒復旧かよ。だいだい！@Dchan_mra_btype12:34,ネガティブ
2026-08-01 00:34:55,2026-07-31 10:28:00,九州電力,ありがとう九電!!🔌⁽⁽٩(◍˃ᗜ˂◍)۶⁾⁾💡 x.com/47news_officia…,ポジティブ
2026-08-01 00:34:55,2026-07-31 23:55:47,九州電力,返信先:@47news_official九電すごいな。あと中電はまだ本当の力を発揮していない…,ネガティブ
2026-08-01 00:34:55,2026-07-31 14:25:00,九州電力,九電ありがとう。停電は概ね解消みたいです🦆 kyuden.co.jp/td_teiden/kyus…,ポジティブ
2026-08-01 00:34:55,2026-07-31 13:25:00,九州電力,この炎天下、文字通り不眠不休で頑張ってくれたのだろうな 九電最前線のインフラ屋はごくろうさまやで……,ポジティブ
2026-08-01 00:34:55,2026-07-31 13:33:00,九州電力,九電停電情報 熊本県内 完全復旧（7月31日 22：01現在） pic.x.com/48mByr5iwU,ニュートラル
2026-08-01 00:34:55,2026-08-01 00:39:47,九州電力,返信先:@47news_official凄 い👏九電の方々ありがとうございます。この猛暑の中お疲れ様でした,ポジティブ
2026-08-01 00:34:55,2026-07-31 10:28:00,九州電力,九電さん、すごい！！！ まじ、ですごい！！！！ お疲れ様でした！！！ x.com/47news_officia…,ポジティブ
2026-08-01 00:34:55,2026-07-31 14:30:00,九州電力,電気は九電が一気に工事できるけど水道は各自治体管轄だから、震災対応で水道復旧まで手が回らないんだろうな。 #wbs,ネガティブ
2026-08-01 00:34:55,2026-07-31 10:28:00,九州電力,九電ありがとう。日本はすごいね！ でもまだまだまだこれから！皆んなで応援しよう！ x.com/47news_officia…,ポジティブ
2026-08-01 00:34:55,2026-07-31 10:28:00,九州電力,九電てすごいよね！ 台風でも地震でも復旧がほんとに早い 九州人として本当にありがたいよ x.com/47news_officia…,ポジティブ
2026-08-01 00:34:55,2026-07-31 13:40:00,九州電力,停電対応最強は沖縄です。あそこには敵わない。千葉がいつかの台風で停電が何日たっても復旧しなくて九電に学びに来いよと思ってしまったわ…。,ポジティブ
2026-08-01 00:34:55,2026-07-31 10:28:00,九州電力,九電の皆さん、ご苦労様です。 暑い中、夜を徹しての作業もあったことと思います。 僕は、敬意を表するッ！ x.com/47news_officia…,ポジティブ
2026-08-01 00:34:55,2026-07-31 13:41:00,九州電力,熊本地震で、倒壊した家でスマートメーターが取り付いてるなら、家主は九電に電話して、送電を一時停止してもらう用に連絡して、漏電火災にならないよう対策した方が良いかも。,ネガティブ
2026-08-01 00:34:55,2026-07-31 23:46:47,九州電力,今回の熊本の震災に対応する九電さんを見ても、エネルギーインフラを握っている会社がこれだけ市民の為を思って迅速に活動してくれるから我々は安心して暮らしていける ありがとう、九電さん,ポジティブ
2026-08-01 00:34:55,2026-07-31 10:28:00,九州電力,九電さん！ありがとうございます。 これで熱中症のリスクがグッと下がるぞ！ そしてエアコンが使える！スマホも使える！街に明かりが戻るだけでほっとする。 x.com/47news_officia…,ポジティブ
2026-08-01 00:34:55,2026-07-31 13:25:00,九州電力,返信先:@Twilightepco私が医療職時代に地域の災害で高圧の鉄塔が倒壊いたしました。復旧した際、改めて電気の有り難みが身に染みた事を思い出しました。九電並びに作業に当られた皆様に感謝申し上げます。,ネガティブ
2026-08-01 00:34:55,2026-07-31 13:33:00,九州電力,返信先:@hitomi19600113えッ⁉️🫢❗️…ですか❗️…ご心配でしたね…😶 10年前❗️…橋崩落で犠牲の大学生❗️…😰 忘れません…言葉が出ません… 先ほど⁉️電気が全て❗️復旧のTV報道…九電も必死の作業で❗️…🙏 でしょう…,ネガティブ
2026-08-01 00:34:55,2026-08-01 00:25:47,九州電力,返信先:@47news_official他1人メルトダウンの福島原発の立役者、九電やね🤣流石よとことこんな仕事ペース 政治家の先生方…民間はこんなんしてますよー仕事してくださいねー🎙️ ボーナス分は最低でも働こうか… pic.x.com/6aDE5zG1fZ,ネガティブ
2026-08-01 00:34:55,2026-07-31 13:24:00,九州電力,返信先:@Koikoichibakunありがとうございます！やっと今晩から、クーラーのきいた部屋で寝られるようです。 熱中症で倒れちゃうのではないか、、、と心配していましたが、九電や各機関の皆さんのおかげで、なんとかライフラインが元に戻りつつあります。ありがたいことです。,ポジティブ
2026-08-01 00:34:55,2026-07-31 13:55:00,九州電力,自衛隊、他県の消防、救急車両をたくさんお見かけしました 本当に本当にありがとうございます 被災している中で懸命に動いておられる県や市、行政職員の方、医療従事者の方、コンビニスーパー食品、ガソスタの方々、水道局、九電、ガス会社、交通機関、みんなみんな大変な中でありがとうございます,ポジティブ
2026-08-01 00:34:55,2026-07-31 13:57:00,九州電力,被災現地ではまだネガティブ情報のが多く聞く。 仕事しながら色々と聞いて回ってるけど、地域住民から聞く最もポジティブな情報はライフラインである水道。 水道局以外にも他ライフライン復旧のために災害派遣の人達や九電、JR職員、市の職員etc..が汗を流しつつ必死に活動してるのを見てる。,ネガティブ
2026-08-01 00:34:55,2026-07-31 14:15:00,オクトパスエナジー,返信先:@98655私もオクトパスエナジーおすすめしてます！ いろんなプランがあるので自分に合うプランを探しましょう！ 私はオール電化オクトパスですね！,ポジティブ
2026-08-01 00:34:55,2026-07-31 13:51:00,オクトパスエナジー,"最近の電気代高騰対策、もう始めていますか？⚡️ octopusenergy.co.jp/friend/plush-s… オクトパスエナジーへの乗り換えなら8,000円OFFになる嬉しい紹介特典が付きます！ 工事や解約連絡も不要でラクチンです。",ポジティブ
2026-08-01 00:34:55,2026-08-01 00:13:36,オクトパスエナジー,"おすすめ電力会社を紹介 🐙オクトパスエナジー🐙 🎁友達紹介で8,000円割引🈹 👇お申し込みはこちら👇 octopusenergy.co.jp/friend/zappy-l… 👶子育て世帯にも 🏘️一人暮らしにも 💡電気代・固定費の見直しに 📴スマホで簡単切替✨",ポジティブ
2026-08-01 00:34:55,2026-07-31 14:37:00,オクトパスエナジー,"家計の見直しは電力会社から💡 #オクトパスエナジー もぜひご検討ください 私も今の電気代より安くなりました😊 下記リンクから申込で8,000円割引が適用されます！！ 皆様の電気代が安くなるのにお役に立てれば嬉しいです🙇‍♂️ ⬇️紹介割引申込⬇️ octopusenergy.co.jp/friend/meek-sp…",ポジティブ
2026-08-01 00:34:55,2026-07-31 13:23:00,オクトパスエナジー,"🉐電気代をお安くしたい方必見🉐 🐙オクトパスエナジーに新規契約で8,000円分の電気料金から引かれます🐙 ⭐️こちらからお申込で8千円分適用されます👇 【公式サイト】 octopusenergy.co.jp/friend/zappy-l… ご契約前に郵便番号を入力するだけで、大体の料金も出るので安心です🙇‍♂️ #PR #エアコン",ポジティブ
2026-08-01 00:34:55,2026-07-31 23:55:22,Looopでんき,返信先:@Looop_denki#ループでんきにおまかせ Looopでんきさん✨ 10周年おめでとうございます💐,ポジティブ
2026-08-01 00:34:55,2026-07-31 13:41:00,Looopでんき,返信先:@Looop_denkiLooopでんき10周年おめでとうございます✨️ 次の10年も全力でおまかせします🙌 #ループでんきにおまかせ,ポジティブ
2026-08-01 00:34:55,2026-07-31 13:53:00,Looopでんき,返信先:@Looop_denki10周年おめでとうございます🎉 日々の電気を安心して預けられる存在でいてくれて感謝です✨️ これからもLooopでんきにおまかせでいきます！ #ループでんきにおまかせ,ポジティブ
2026-08-01 00:34:55,2026-07-31 14:18:00,Looopでんき,返信先:@Looop_denki新電力のパイオニアとして10年、本当にお疲れ様です！ いつも安心しておまかせできるLooopでんきが大好きです😊 これからもよろしくお願いします！ #ループでんきにおまかせ,ポジティブ
2026-08-01 02:59:38,2026-07-31 10:28:00,東北電力,早くて良かったなぁ。東北電力とは() x.com/47news_officia…,ポジティブ
2026-08-01 02:59:38,2026-08-01 02:32:15,東北電力,東北電力ネットワークが世界最大級の電圧調整装置を青森と岩手に導入へ | 河北新報オンライン kahoku.news/articles/20260…,ポジティブ
2026-08-01 02:59:38,2026-08-01 02:50:15,東北電力,ＡＩ普及で需要高まる 東北電力がコンテナ型データセンターの運用を始める（khb東日本放送） #Yahooニュース approach.yahoo.co.jp/r/QUyHCH?src=h…,ポジティブ
2026-08-01 02:59:38,2026-07-31 16:37:00,東北電力,返信先:@1OM5XuDTJA97625他2人残念ながらデマではありません。 平凡社新書『東電原発事故10年で明らかになったこと』126ページによると ところが問題があった。東北電力が貞観地震の最新の研究成果を取り入れ、女川の津波想定を見直す報告書をすでに完成させていたのだ。 そこで東電は圧力をかけて東北電力の報告書を書き換えさせる pic.x.com/jirByKTX7r,ニュートラル
2026-08-01 02:59:38,2026-07-31 16:33:00,東京電力,福島第一原発の廃炉に関する情報を読む際、「東京電力の発表」「規制機関の評価」「第三者機関の確認」という3つの視点を意識することが理解の助けになります。,ニュートラル
2026-08-01 02:59:38,2026-07-31 15:57:00,東京電力,返信先:@LIELILIESHUIいけてるお姉さんお疲れ様～ 鼻声はどうですか？エアコンとは適切に付き合って体調管理にお役立てくださいね 以上東京電力のデンコちゃんでしたー ばくしゅい😪💤,ポジティブ
2026-08-01 02:59:38,2026-07-31 15:56:00,東京電力,（東電）7月31日 福島第一原子力発電所の状況について（日報） tepco.co.jp/press/report/2… #iwakamiyasumi #iwakamiyasumi2,ニュートラル
2026-08-01 02:59:38,2026-07-31 15:46:00,東京電力,界隈がキオクシアで戦々恐々としてるなか スーパーどうでもいいことだけど 東電100株高値ピッタシで売れてキャッキャしてる こんなんだから一生底辺投資家なの🥹 pic.x.com/aXBwHHvJRf,ポジティブ
2026-08-01 02:59:38,2026-08-01 02:42:32,東京電力,返信先:@sxzBST東北震災のときの東電問題で味をしめたから、また同じことをしようとしたんでしょう。 けど今回は誰の目にもイオン側に落ち度がないのは明らかだった。 マスコミ以上に詳細な情報が飛び交う現在では、庶民はそう簡単には騙されませんよ。,ネガティブ
2026-08-01 02:59:38,2026-07-31 17:01:00,東京電力,返信先:@1OM5XuDTJA97625他2人9時のはずのベントを住民の避難待ちで10時17分まで延ばしたことを後で知った（震災から数ヶ月後）枝野長官は絶句したという。この間の東電と官邸の行き違いの多くは官邸の過剰介入というより、東電側の「官邸外し」が主な要因だと思われる。→ pic.x.com/n5ZoyNL73h,ネガティブ
2026-08-01 02:59:38,2026-07-31 16:47:00,東京電力,返信先:@1OM5XuDTJA97625他2人あと、文春新書『「原発事故報告書」の真実とウソ』 153ページによると「ベントは、遅れていた大熊町の住民避難完了を確認した後、10時17分の開操作で成功したと判断された。避難待ちは福島県と東電の協議によるもので官邸には伝えられなかった」→ pic.x.com/k1q0ZH7M37,ニュートラル
2026-08-01 02:59:38,2026-07-31 16:37:00,東京電力,返信先:@1OM5XuDTJA97625他2人残念ながらデマではありません。 平凡社新書『東電原発事故10年で明らかになったこと』126ページによると ところが問題があった。東北電力が貞観地震の最新の研究成果を取り入れ、女川の津波想定を見直す報告書をすでに完成させていたのだ。 そこで東電は圧力をかけて東北電力の報告書を書き換えさせる pic.x.com/jirByKTX7r,ニュートラル
2026-08-01 02:59:38,2026-07-31 16:40:00,東京電力,VERDY & BELEZA 5戦 04.10.23国立 16:04 Vvs清水 12653人 19:04 Bvs宝塚 2800人 050423国立 16:02 Vvs新潟 11575 19:00 Bvs東電 3000 100829西が丘 15:00 Bvs浦和 1813 19:04 Vvs岐阜 3982 120422駒沢 11:00 Bvs狭山 3012 14:33 Vvs湘南 6544 220423味スタ 14:02 Vvs千葉 5110 18:03 Bvs千葉 1591,ニュートラル
2026-08-01 02:59:38,2026-07-31 17:02:00,北陸電力,【北陸】北陸電力 富山新港火力発電所2号機(50万kW、火力) <新規>計画停止(燃料制約)、今日18:13から 1:59現在、復旧予定日：明日 停止原因：LNG燃料消費制約,ニュートラル
2026-08-01 02:59:38,2026-07-31 16:22:00,北陸電力,【北陸】北陸電力 富山新港火力発電所2号機(50万kW、火力) <新規>計画停止(燃料制約)、今日22:28から 1:17現在、復旧予定日：明日 停止原因：LNG燃料消費制約,ニュートラル
2026-08-01 02:59:38,2026-08-01 02:13:57,北陸電力,"【北陸】北陸電力 富山新港火力発電所2号機(50万kW、火力) <更新>出力低下(燃料制約・低下量24.2937万kW➤26.6897万kW)、7/28 0:00から 2:08現在、復旧予定日：本日 停止原因：LNG燃料消費制約/平均低下量:242,937kW/最大低下量:456,583kW/最低低下量: 5万kW➤LNG燃料消費制約/平均低下量:266,897kW/…",ニュートラル
2026-08-01 02:59:38,2026-07-31 16:03:00,関西電力,関西電力の純利益38%増 4〜6月、きんでん株売却益寄与：日本経済新聞 nikkei.com/article/DGXZQO…,ポジティブ
2026-08-01 02:59:38,2026-07-31 16:25:00,関西電力,録画してためざましテレビ最初から見てたら関電不動産開発のCM30秒ver.が流れたし、OMRスタジアムver.のMV撮影の様子も流れたし、元太くんのインタビューもあったしで最高だった🙌🏻💙,ポジティブ
2026-08-01 02:59:38,2026-07-31 15:50:00,関西電力,関電、営業利益84.2％減 「非常に厳しい内容」 中東情勢や原子力利用率低下が影響 sankei.com/article/202607… @Sankei_newsより 山間に小さなダムを建設して、地産地消の小型発電所を建設してもビジネスにはならない？,ネガティブ
2026-08-01 02:59:38,2026-07-31 08:39:00,関西電力,副首都候補、奈良。 地震無さそう（中央構造線に近いけど）、 津波ない、噴火ない。 平地が多い 大阪、京都、名古屋、関空に行きやすい。 リニア駅できそう 電力は関電管内 水は乏しいが周辺県からポンプで組み上げる。 通信インフラはこれから。 問題は土地があっても古墳だらけで建築に不向き。 x.com/geographybu/st…,ネガティブ
2026-08-01 02:59:38,2026-07-31 16:15:00,四国電力,一人で四国行ってから、YouTubeの広告が四電とか百十四銀行ばっかりになってしまった,ネガティブ
2026-08-01 02:59:38,2026-08-01 02:33:08,九州電力,九州電力すげぇ… もうほぼ回復させたのか💡,ポジティブ
2026-08-01 02:59:38,2026-07-31 11:31:00,九州電力,九州電力すごい！ x.com/kei_sakurai/st…,ポジティブ
2026-08-01 02:59:38,2026-07-31 16:18:00,九州電力,返信先:@47news_official九州電力さん、お疲れ様でした🙇,ポジティブ
2026-08-01 02:59:38,2026-07-31 15:56:00,九州電力,返信先:@47news_official九州電力さん、早急な対応素晴らしいですね,ポジティブ
2026-08-01 02:59:38,2026-07-31 10:28:00,九州電力,すごい早さ🫢 九州電力の皆さんすごい🫢 x.com/47news_officia…,ポジティブ
2026-08-01 02:59:38,2026-07-31 10:28:00,九州電力,九州電力の皆さん、ありがとうございます。 x.com/47news_officia…,ポジティブ
2026-08-01 02:59:38,2026-07-31 09:02:00,九州電力,九州電力の皆様、ありがとうございました。 x.com/kyuden_souhai/…,ポジティブ
2026-08-01 02:59:38,2026-07-31 15:49:00,九州電力,返信先:@kkt_4ch九州電力はじめ関係各社の皆様、猛暑の中、復旧作業に御尽力いただきお疲れ様でした🙏🙇‍♀️,ポジティブ
2026-08-01 02:59:38,2026-07-31 16:21:00,九州電力,返信先:@47news_official停電解消されて 本当に良かったです！ さすが、九州電力さん！ お見事です👏,ポジティブ
2026-08-01 02:59:38,2026-07-31 16:00:00,九州電力,九州電力、4〜6月純利益31%増 地震の損害「16年ほど大きくない」：日本経済新聞 nikkei.com/article/DGXZQO…,ポジティブ
2026-08-01 02:59:38,2026-07-31 16:39:00,九州電力,返信先:@minipanda1223すごいね👏 最大震度7の発災後たった3日で停電解消するなんて😳 九州電力さんすごいわ 31年前は2週間かかったよ😰,ポジティブ
2026-08-01 02:59:38,2026-08-01 03:03:08,九州電力,返信先:@47news_officialいやいや停電のままの地域は結構多いみたいです。引き込み線など地震で破壊された所はこれからです。九州電力もまだまだ仕事が残っています。,ネガティブ
2026-08-01 02:59:38,2026-07-31 12:37:00,九州電力,おぉ…！！！！良かった！！！ 【速報】九州電力の停電解消｜熊本日日新聞 #熊本のニュース #熊本日日新聞 #熊日 #熊本 kumanichi.com/articles/20204…,ポジティブ
2026-08-01 02:59:38,2026-07-31 15:57:00,九州電力,そういえば #九州電力 謝罪しただけで、何もお詫び無いんだけど… 社長の首も切らんし、謝罪するだけで 許されとるって思っとる心が腐りすぎとるちゃんね だから九電自体も腐りきっとるっちゃ,ネガティブ
2026-08-01 02:59:38,2026-08-01 02:31:08,九州電力,8月になりましたので、カレンダーをめくります。 #始発ちゃん (@densya_t ) #麗しの空 (@lei_926_ ) #宮崎県ダムカレンダー #九州電力 #清水建設 pic.x.com/xpF9cgU7Sn,ニュートラル
2026-08-01 02:59:38,2026-07-31 10:28:00,九州電力,九州電力の皆さま、酷暑の中大変お疲れさまでした！ 落ち着いたら旅行にでも伺おうと思っておりますので…！ どうか少しでも心安らぐ時間を過ごされますよう、日本の片隅より祈っております。 x.com/47news_officia…,ポジティブ
2026-08-01 02:59:38,2026-08-01 02:26:08,九州電力,#報道ステーション 7月31日 「電気が来ても家の中で何もできない」92歳の母と今夜も屋外で…被災生活4日目 #氷川町 の停電復旧のはずが、スーパーには電気来ず。 #熊本地震 #停電 #九州電力 share.google/fnpaJ31ivMYo4b…,ネガティブ
2026-08-01 02:59:38,2026-08-01 02:48:08,九州電力,「熊本の停電おおむね解消と九州電力」とか。 おおむねだから完全ではないんだろうけど、よかったなあ 地震でエアコン自体が壊れてるとか、もっと…ってのもありはするが、夏場電気こないと冷蔵必要な食材や調味料全部ダメになるからきっつい 冷蔵庫開け閉めしなくても意外と早く駄目になるんよな,ネガティブ
2026-08-01 02:59:38,2026-08-01 03:04:08,九州電力,返信先:@asahiなんかこの件、マジで苛ついてきた！ 九州電力の電力供給元を絶ってやりたい気分だな！ 本来被災者は何人(なんぴと)も平等に被災者として扱われるべきなのにさ 何この男性差別！ 被災者男性だけ全員救助してそれ以外は熱中症で◯亡してくんないかな。 マジ要らない存在だろ！ 何が配慮だ 笑わせるな！,ネガティブ
2026-08-01 02:59:38,2026-08-01 03:01:08,九州電力,【速報】 九州電力は31日、熊本県内で発生していた停電が一部を除き、おおむね解消したと明らかにした。 熱中症の危険もあって電気が復旧しただけでもかなり助かる人は多い。 九州電力さんは寝ずに作業にあたってくれた事に感謝🙏 #47NEWS 47news.jp/14718260.html @47news_official,ポジティブ
2026-08-01 02:59:38,2026-08-01 03:08:08,九州電力,返信先:@47news_officialこの酷暑の中 九州電力の方々 影で働いて下さった方 作業をされていたご家族の方 心から感謝します。 被害に遭われていた市民の皆様が停電が解消されて どれだけの人が生きた心地がしたか計り知れません 灯は希望になります また酷暑でのクーラーや 冷蔵庫は命綱でした。 ありがとうございました,ポジティブ
2026-08-01 02:59:38,2026-07-31 17:03:00,九州電力,返信先:@47news_official九電！九電！,ニュートラル
2026-08-01 02:59:38,2026-07-31 16:12:00,九州電力,返信先:@47news_officialしゃーナイス九電👍,ポジティブ
2026-08-01 02:59:38,2026-07-31 15:55:00,九州電力,九電お疲れさますぎるyurio@yuri_pee15:55,ポジティブ
2026-08-01 02:59:38,2026-08-01 03:08:43,九州電力,返信先:@47news_official速！！！流石やで九電,ニュートラル
2026-08-01 02:59:38,2026-07-31 14:52:00,九州電力,良かった！ありがとう九電！！ふゆ子@helensb1014:52,ポジティブ
2026-08-01 02:59:38,2026-07-31 10:28:00,九州電力,九電さん仕事早すぎだろ x.com/47news_officia…,ネガティブ
2026-08-01 02:59:38,2026-08-01 02:13:40,九州電力,返信先:@kkt_4ch九電の復旧能力エグイな 震度7をもう全面復旧か,ネガティブ
2026-08-01 02:59:38,2026-07-31 16:55:00,九州電力,返信先:@47news_official九電の方々、ありがとうございました,ポジティブ
2026-08-01 02:59:38,2026-07-31 10:28:00,九州電力,九電のみなさん本当にお疲れ様です。 x.com/47news_officia…,ポジティブ
2026-08-01 02:59:38,2026-07-31 16:09:00,九州電力,返信先:@47news_official有能すぎる👏👏 九電さんおつかれさまです…！,ポジティブ
2026-08-01 02:59:38,2026-07-31 07:27:00,九州電力,いつも思うけど九電あまりにも早すぎん！？ ！？ x.com/kyuden_souhai/…,ネガティブ
2026-08-01 02:59:38,2026-07-31 16:30:00,九州電力,返信先:@maudayo007他1人九電は玄海原発・川内原発が稼働してますからね。 あれ？歯軋りが聞こえたけど空耳かな？w,ネガティブ
2026-08-01 02:59:38,2026-07-31 16:50:00,九州電力,返信先:@niyuteすまん九州だと初乗り200円なんですわ…(終了) (なお電気は九電(計算してない) (まあひきこもりと費用トントンかな),ネガティブ
2026-08-01 02:59:38,2026-08-01 02:32:40,九州電力,返信先:@PSYCHOPATH4545停電はおおむね解消したみたいですよ。 驚異的な早さでの復旧ですよね。 九電の作業員さん頑張られたんだと思います。,ポジティブ
2026-08-01 02:59:38,2026-07-31 16:25:00,九州電力,【速報】熊本の停電おおむね解消と九州電力 #47NEWS 47news.jp/14718260.html @47news_officialより 九電、お疲れ様！！！！,ポジティブ
2026-08-01 02:59:38,2026-07-31 16:19:00,九州電力,"2026年7月追加 1株 アサヒ 三井不動産 東宝 鎌倉新書 ショーボンド ボードルア ウインパートナーズ 日工 トヨタ 2株 九電 アイチコーポレーション 4株 ゼンリン 9株 ポーラ 年間配当金10,175円 取得利回り3.55% (アイスタイル、かぶピタッ除く) pic.x.com/q8KX3myimm",ニュートラル
2026-08-01 02:59:38,2026-08-01 03:05:29,オクトパスエナジー,"🐙オクトパスエナジー🐙 🎁友達紹介で8,000円割引🎁 ✅こちらからお申込で8,000円割引が適用されます👇 【公式サイト】 octopusenergy.co.jp/friend/zappy-l…",ポジティブ
2026-08-01 02:59:38,2026-08-01 02:49:29,オクトパスエナジー,"🐙オクトパスエナジー🐙 紹介URLからオクトパスへのお申し込みで、8,000円の電気代割引をゲットできます🉐 オクトパス電気は料金設定もお得です🉐 紹介URL使って頂けると嬉しいです🥺 よろしくお願いします🙇‍♀️ octopusenergy.co.jp/friend/zappy-l… #タコ友 #オクトパスエナジー #PR",ポジティブ
2026-08-01 02:59:38,2026-08-01 03:09:31,オクトパスエナジー,"🐙#オクトパスエナジー ✅友達紹介8,000円割引🈹 👇お申し込みはこちら👇 octopusenergy.co.jp/friend/zappy-l… 🌻夏の猛暑や熱帯夜で熱中症危険などエアコンが欠かせない季節🌻 🌊夏のハッピーアワー2026🌊 📅7/16(木)〜9/16(水) 🕚毎日11:00〜13:00 ⚡対象時間電気代が1kWhあたり8円引き✨",ニュートラル
2026-08-01 02:59:38,2026-07-31 16:38:00,オクトパスエナジー,"夏の猛暑や熱帯夜で熱中症危険などエアコンが欠かせない季節🌻 電気代が気になる？👀 🐙#オクトパスエナジー ✅友達紹介8,000円割引🈹 👇お申し込みはこちら👇 octopusenergy.co.jp/friend/zappy-l… 🌊夏のハッピーアワー2026🌊 📅7/16(木)〜9/16(水) 🕚毎日11:00〜13:00 ⚡対象時間電気代が1kWhあたり8円引き✨",ニュートラル
2026-08-01 02:59:38,2026-08-01 02:29:29,オクトパスエナジー,"夏の猛暑や熱帯夜で熱中症危険などエアコンが欠かせない暑い季節🌞 電気代が気になる？ 🐙#オクトパスエナジー ✅友達紹介8,000円割引🈹 👇お申し込みはこちら👇 octopusenergy.co.jp/friend/zappy-l… ☀️夏のハッピーアワー2026 📅7/16(木)〜9/16(水) 🕚毎日11:00〜13:00 ⚡対象時間電気代が1kWhあたり8円引き✨",ニュートラル
2026-08-01 05:00:39,2026-08-01 04:05:11,北海道電力,こっちでは先出してないけどフィジカルAIとゲーム当てたし？次のセクターなんやろ、個人的にセクターではないんやけど北海道電力とかさ、ソフバンのデータセンターとラピタスで電力足りないんじゃなかったか？と思って電力とか〜銀行株きた後はバリューとか？と思って不動産とか？レアアスって終わり？,ネガティブ
2026-08-01 05:00:39,2026-07-31 18:45:00,東北電力,2127 「ひがしどおり観光物産展」が仙台の東北電力グリーンプラザで7月31日まで開催 海の幸や地酒などの特産品が勢ぞろい・鳴き砂の体験も楽しめる!(tbc東北放送) zxf5.newlz.space/me51aut8u9.html,ポジティブ
2026-08-01 05:00:39,2026-07-31 18:28:00,東京電力,せやで 東京電力の原発ある所が副首都に決まっとるやろ ついでにテレ東も来いや！(こっちがメイン←),ポジティブ
2026-08-01 05:00:39,2026-07-31 10:58:00,東京電力,折しも、同じような投稿を見つけたので、引用リポスト。#東京電力 #スマートメーター x.com/mika_maeyama/s…,ニュートラル
2026-08-01 05:00:39,2026-07-31 19:01:00,東京電力,東京電力からのアンケート依頼。電気メーターから通信機器を外してもらっているが、高額の料金をチラつかせ、何が何でもメーターに通信機器を装着したいらしい。Covid-19と5Gの絡みを疑っている立場からすれば、その意図は何か？と考えてしまう。#東京電力 #5Gミリ波 #有害電磁波 pic.x.com/2I70Quw9OV,ネガティブ
2026-08-01 05:00:39,2026-07-31 18:35:00,東京電力,返信先:@youkai_ochiバンド ダメ 編集 ダメ まあ その前から反原発でしたけれども うまいところに ただ私の甥っ子がもうやめましたけど 東京電力の建設関係にいたことがあってやっぱりね モチベーション下がるんですよ こういう動きが果たして良かったのか どうなのか もう10年以上経ちましたけど問われる時代ですね,ネガティブ
2026-08-01 05:00:39,2026-07-31 18:48:00,東京電力,返信先:@stjhunter統一教会信者さんですか？ べくれてるがなんなの？くだらない。 実害犯した東電に文句言えよカス,ネガティブ
2026-08-01 05:00:39,2026-07-31 18:53:00,東京電力,三菱商事 反落 サンリオ 過熱から冷却 三菱UFJ 過熱から冷却 野村 過熱から冷却 三菱地所 下落調整 NTT 過熱から冷却 上髭 東電 売られすぎから反発,ニュートラル
2026-08-01 05:00:39,2026-07-31 18:08:00,東京電力,返信先:@ampuwezwebあれは謝罪ではない。 支持者からの批判に対して著書の中の都合良い部分を切り取って答えただけ。 ベクれてる、高濃度汚染地域などと発言して傷つけた県民への謝罪の言葉は無い。 東電や政府の対応などに論点を逸らし、「山本太郎は謝罪した」という風に見せかけた言い訳に過ぎない。,ネガティブ
2026-08-01 05:00:39,2026-07-31 18:39:00,北陸電力,レーダーアップ・GPSアップ・プロッターアップ・航海灯ON・高感度カメラアップ。 燃料７００liter・冷却系問題無し・オイルOK・陸電切り離し完了・エンジン始動準備完了。 朝めし釣りに,ポジティブ
2026-08-01 05:00:39,2026-08-01 04:59:52,四国電力,マンダリンオリエンタル瀬戸内が開業延期 四国電力「2028年春ごろ目指す」(KSB 香川ニュース) u.lin.ee/tcrqXbq?mediad…,ネガティブ
2026-08-01 05:00:39,2026-08-01 04:46:51,九州電力,返信先:@47news_official他1人早い！ 九州電力の作業にあたられた方々、本当にありがとうございました！,ポジティブ
2026-08-01 05:00:39,2026-07-31 10:28:00,九州電力,感謝🙏 停電解消に尽力された方々お疲れ様でした。 ありがとうございました。 #九州電力 x.com/47news_officia…,ポジティブ
2026-08-01 05:00:39,2026-07-31 10:28:00,九州電力,"""九州電力は31日、熊本県内で発生していた停電が一部を除き、おおむね解消したと明らかにした。"" 共同通信。取り急ぎ備忘。8時間前 x.com/47news_officia…",ニュートラル
2026-08-01 05:00:39,2026-07-28 08:50:00,九州電力,給電は復旧しました。1日0時時点。 個別案件は随時復旧するため、時間がかかります。 通電火災にはくれぐれもご注意ください。 31日夕に全域復旧（九州電力） x.com/DWAbousai0111/…,ニュートラル
2026-08-01 05:00:39,2026-08-01 04:37:51,九州電力,返信先:@AsianLife13無料開放とはいえ１箇所だけで、更に停電や使える電力量の調整は当時の九州電力の匙加減だからな。原発点検で停止期間が長引けば節電してもらわないといけなくなるし、状況次第では燃料よりも都合悪くなる,ネガティブ
2026-08-01 05:00:39,2026-07-31 18:52:00,九州電力,九州電力のウェブサイトでも、ついにゼロになった。ほんとうにすごい。お暑い中、おつかれさまでございました。ガスと水も復旧しますように。ものが届きますように。暑さがやわらぎますように。落ち着いて眠れますように。 pic.x.com/gIKp9UfVe5,ポジティブ
2026-08-01 05:00:39,2026-08-01 04:41:22,九州電力,本当に九電すごい、、、停電解消した、、 pic.x.com/V9DZ4vz6bK,ポジティブ
2026-08-01 05:00:39,2026-07-31 18:21:00,九州電力,返信先:@beatstrangerやはりどこか断線してるのかなぁ… 実際我が家の近くでも高圧線が断線している所があり危険なので 九電に連絡して待っている所です,ネガティブ
2026-08-01 05:00:39,2026-07-29 14:18:00,九州電力,九電もそうだったけど、こちらも流石の一言です。 このクソ暑いなか、昼夜を問わず頑張って下さったのであろう事は想像に難くない。 ありがとうございます。 x.com/mlit_Kyushu/st…,ポジティブ
2026-08-01 05:00:39,2026-07-31 18:34:00,九州電力,返信先:@Nakano_kurenai全世帯電気復旧したと安心してましたが 実際はまだ通電していない世帯があるそうです 九電さんもお忙しいのは分かりますがこの暑さで数日過ごすのは辛すぎます 一日も早く復旧を願うばかりです,ネガティブ
2026-08-01 05:00:39,2026-08-01 04:29:22,九州電力,返信先:@47news_official他1人九電さんありがとうございました！ 電気はライフラインの肝心要！ 次は上下水道です！ 宜しくお願いします。 全国から水道局の援助お願いします。 尚、政治家は現地に行くのはやめましょう！ 迷惑です。,ネガティブ
2026-08-01 05:00:39,2026-07-31 18:44:00,九州電力,今TIKTOK配信見て知った熊本の現状 ・水が圧倒的に足りない ・水道復旧は3ヶ月かかりそう ・熊本南側が特に届きにくい ・行政と被災者の声が違いすぎる ・八代市は色々足りてない ・ガソリン全然売ってない ・電気早い、九電グループ凄い ・イオンばかり報道されて被災地の声が届かない #熊本地震 pic.x.com/m5007dP3F6,ネガティブ
2026-08-01 05:00:39,2026-07-31 18:16:00,オクトパスエナジー,"🐙オクトパスエナジー🐙 🌻オクトパスエナジーは料金設定もお得です🌻 🎁こちらの紹介URL使って頂けると、8,000円の割引が入ります🎁 octopusenergy.co.jp/friend/zappy-l… #タコ友 #オクトパスエナジー #PR",ポジティブ
2026-08-01 05:00:39,2026-07-31 18:21:00,オクトパスエナジー,"🐙#オクトパスエナジー ✅友達紹介8,000円割引🈹 👇こちらからのお申し込みで8,000円の割引になります👇 octopusenergy.co.jp/friend/zappy-l… 🌊夏のハッピーアワー2026🌊 📅7/16(木)〜9/16(水) 🕚毎日11:00〜13:00 ⭐️対象時間電気代が1kWhあたり8円引き⭐️",ニュートラル
2026-08-01 05:00:39,2026-07-31 18:13:00,オクトパスエナジー,"夏の暑い時期に出費キツい💦 エアコンや空気清浄機フル稼働、ガソリンも高いまま⛽️電気代も上がる今、見直し👇 #オクトパスエナジー 🐙乗り換えで8,000円🈹 友達紹介申込はこちら🈸 octopusenergy.co.jp/friend/green-b… 基本料金0円、シンプル料金で安心 固定単価だから燃料費高騰の影響も受けにくい‼️",ネガティブ
2026-08-01 06:35:32,2026-08-01 06:09:37,北海道電力,今日のライブ ■浦島坂田船 ゼビオアリーナ仙台 ■LE SSERAFIM Kアリーナ横浜 ■KEY TO LIT GLION ARENA KOBE ■STARGLOW 横浜アリーナ ■いきものがかり ベネックス長崎ブリックホール ■コブクロ 本多の森 北電ホール ■氣志團 NHK大阪ホール ■葉加瀬太郎 八ヶ岳高原音楽堂,ニュートラル
2026-08-01 06:35:32,2026-07-31 13:35:00,東京電力,3.11当時東京電力足りなくなると会社から電話あり勿来火力災害復旧、責任者だった為に夜なかの呼び出しもあって、睡眠時間あまり時間なかったな。 妻を名取のがんセンターに預けっぱなしだったし、呼び出しの時は6号線使えなかったから磐越で郡山JCから宮城中央で降りて病院へ往復現場直行。 x.com/cobta/status/2…,ネガティブ
2026-08-01 06:35:32,2026-08-01 02:24:00,東京電力,東電のデタラメぶりにしびれを切らしての行動だったことは、忘れないようにしたい。東電は状況をコントロールできず、情報は政府に上げず、挙句に投げ出そうとまでしようとした。 x.com/jimiko_happy/s…,ネガティブ
2026-08-01 06:35:32,2026-08-01 05:52:22,東京電力,返信先:@doroicarv_nob昔パソコン用のコンセントを東電に依頼して付けてもらった 大分後になって、パソコンのラインをOFFにすると、何故か電話のコンセントも切れる事に気づいた 大分経ってしまったので、どうしようも出来ず・・・,ネガティブ
2026-08-01 06:35:32,2026-07-31 20:24:00,東京電力,ストレスを抱えた人間に向かって言葉を投げかけても意味ないんよ。災害の余波が落ち着くのを待つしかない。3.11の時も与党や東電が何言っても事態は止められなかったし。事が落ち着くまではパニックを受け入れるしかなかった。放射能汚染デマとか沈静化するのにどんだけかかったか。,ネガティブ
2026-08-01 06:35:32,2026-08-01 05:59:22,東京電力,返信先:@LPGadvisorJPもし、あの時自民党・公明党の政権下だったらと想像するだけで背筋が凍り付きます。東電ベッタリの自公体制がどれだけ東電を追い詰めて対応できていただろうかと。その後の原子力依存のエネルギー政策への転換など、史上最悪の原子力災害への反省は皆無ですから。,ネガティブ
2026-08-01 06:35:32,2026-08-01 06:13:11,中部電力,返信先:@corretja1031第三グループ、三つ巴！ 結局、中電が予選通過ですね,ポジティブ
2026-08-01 06:35:32,2026-08-01 06:27:11,中部電力,中電は私達の要請について第三者委員会で検討中としか答えないが，規制委員会はこの第三者委員会を不適切と指摘 pic.x.com/awJpvg6Og2,ネガティブ
2026-08-01 06:35:32,2026-08-01 06:29:40,北陸電力,返信先:@shimacchau_obs他2人菅直人氏は、当時の総理大臣であり、原子力災害対策本部の本部長だった。その責任感で、突っ走られたことをたくさんの人が批判しているけれど、能登半島大地震の時、北陸電力の原発に、政府が甘い対応だった為、本当は何が起きていたか？起きてなかったのか？よくわかっていない。,ネガティブ
2026-08-01 06:35:32,2026-08-01 06:21:23,関西電力,決算:関西電力の純利益38％増 4〜6月、きんでん株売却益寄与 - 日本経済新聞 nikkei.com/article/DGXZQO…,ポジティブ
2026-08-01 06:35:32,2026-08-01 06:22:23,関西電力,関西電力[9503]：2027年３月期 第１四半期決算短信〔日本基準〕(連結) 2026年7月31日(適時開示) ：日経会社情報DIGITAL：日本経済新聞 nikkei.com/nkd/disclosure…,ニュートラル
2026-08-01 06:35:32,2026-08-01 06:13:07,中国電力,返信先:@corretja1031第三グループ、三つ巴！ 結局、中電が予選通過ですね,ポジティブ
2026-08-01 06:35:32,2026-08-01 06:27:07,中国電力,中電は私達の要請について第三者委員会で検討中としか答えないが，規制委員会はこの第三者委員会を不適切と指摘 pic.x.com/awJpvg6Og2,ネガティブ
2026-08-01 06:35:32,2026-07-31 20:19:00,九州電力,！？ 九州電力より停電解消だと…速くね？,ポジティブ
2026-08-01 06:35:32,2026-08-01 05:46:32,九州電力,九州電力、ありがとう🥹Cey@sakura_112412458分前,ポジティブ
2026-08-01 06:35:32,2026-08-01 06:05:32,九州電力,停電ゼロになった 九州電力頑張ったな pic.x.com/Dmm6NQraSQ,ポジティブ
2026-08-01 06:35:32,2026-08-01 06:25:32,九州電力,返信先:@47news_official九州電力は台風とか災害には慣れてますからね。強いんですよ,ニュートラル
2026-08-01 06:35:32,2026-07-31 10:28:00,九州電力,九州電力の皆さまおつかれさまです。 日本魂を感じます。 x.com/47news_officia…,ポジティブ
2026-08-01 06:35:32,2026-08-01 06:23:32,九州電力,九州電力停電情報によると熊本県内の停電情報はありません kyuden.co.jp/td_teiden/kyus…,ニュートラル
2026-08-01 06:35:32,2026-08-01 06:23:32,九州電力,九州電力停電情報によると熊本県内の停電情報はありません。 kyuden.co.jp/td_teiden/kyus…,ニュートラル
2026-08-01 06:35:32,2026-07-31 20:43:00,九州電力,熊本地震、被災地への電力供給が復旧 九州電力送配電 - 日本経済新聞 nikkei.com/article/DGXZQO…,ネガティブ
2026-08-01 06:35:32,2026-07-31 12:16:00,九州電力,熊本地震による停電はすべて解消 九州電力発表（KBC九州朝日放送） u.lin.ee/8Ox4J2w?mediad… 素晴らしい！仮の復旧工事だとしても、本当にすごい🙌どれだけ大変な労働だった事か…有難いです,ポジティブ
2026-08-01 06:35:32,2026-08-01 06:02:32,九州電力,おはよう御座います☁️ 電気は、ほぼ完全復旧の 見通し九州電力送配電の発表 完全にライフラインが復旧する 迄は暫くかかるらしい。医療関係の 大変さ自衛隊員が駆けつける勇姿 何だか誇らしい✨毎回✨ 寄付金等いち早い友人国 台湾🇹🇼の応援隊👏 有り難い🙏 pic.x.com/qEpdQxcNrJ,ポジティブ
2026-08-01 06:35:32,2026-08-01 06:30:32,九州電力,おはようございます☀️ 連日暑い日々 熊本地震発生により被災されました方々にお見舞い申し上げます❤️‍🩹 九州電力は、電気の復旧工事が 概ね、完了したとの報道、電気が有れば、支援物資のエアコン工事して冷房出来ますね🙏 本日のインスタ動画紹介 今日は何の日シリーズ instagram.com/reel/DbeKBYbTv…,ポジティブ
2026-08-01 06:35:32,2026-08-01 06:18:01,九州電力,九電はようやっとるamo_@ct7bv527分前,ニュートラル
2026-08-01 06:35:32,2026-07-31 20:23:00,九州電力,九電 仕事早かった阝@syht8fnm20:23,ポジティブ
2026-08-01 06:35:32,2026-08-01 06:44:16,九州電力,返信先:@minipanda1223ありがとう九電‼️,ポジティブ
2026-08-01 06:35:32,2026-08-01 06:07:01,九州電力,九電への課金はまかせろー🫠みるこ@miruruko38分前,ニュートラル
2026-08-01 06:35:32,2026-07-31 10:28:00,九州電力,さすが九電👏すごい。 x.com/47news_officia…,ポジティブ
2026-08-01 06:35:32,2026-08-01 06:32:01,九州電力,九電によると停電から復旧したらしいが普通に点いてない信号があるらしい。水道もまだ試験運用らしいので確認に行くのは見送り。,ニュートラル
2026-08-01 06:35:32,2026-07-31 10:28:00,九州電力,私も昔台風で３日間の停電を経験したけど、九電さんありがとうございました🙇‍♀️ x.com/47news_officia…,ポジティブ
2026-08-01 06:35:32,2026-08-01 06:44:12,九州電力,返信先:@rakufortis他1人架空配線は復旧が早い。九電が電柱とトランスまで用意してくれたら、後は工事会社が一気に家庭まで引込めるので、一般家庭の復旧は早いです。 高圧電線をすぐ用意できたのはさすが九電。,ポジティブ
2026-08-01 06:35:32,2026-07-31 20:21:00,オクトパスエナジー,この紹介リンクを使ってオクトパスエナジーに申し込む octopusenergy.co.jp/friend/tan-ban…,ニュートラル
2026-08-01 08:29:35,2026-08-01 07:32:08,北海道電力,返信先:@japan_miyu_北海道電力やろーか⁉️ 暇やし電話しよか,ニュートラル
2026-08-01 08:29:35,2026-08-01 07:52:08,北海道電力,北海道電力泊原発3号機が原子力規制委員会の再稼働審査に合格してから1年だが第2段階の審査で規制委から火災対策や施設の耐震性などの詳細な説明を求められ終了が見通せなくなった - 真実の報道神秘 sinnpi2019.livedoor.blog/archives/34957…,ネガティブ
2026-08-01 08:29:35,2026-07-31 21:40:00,北海道電力,ホールツアーの余韻がぬけない🥹 どちらの建築も印象的だったのもいい思い出☺️ ←本多の森北電ホール 那覇文化劇場なはーと→ pic.x.com/lIqrRF055a,ポジティブ
2026-08-01 08:29:35,2026-07-31 22:15:00,東北電力,コンテナ型？外においてるの?謎が深まるばかりだ 東北電力がコンテナ型データセンター稼働 GPUサーバー設置場所提供 - 日本経済新聞 share.google/ntTyxvQ6rpjm5A…,ニュートラル
2026-08-01 08:29:35,2026-07-31 22:06:00,東北電力,東北電力が、宮城県七ヶ浜町に「宮城AIデータセンター」を開設。 企業が所有する高性能GPUサーバーを預かり、電源、冷却、通信、保守までまとめて提供します。 このニュースの本質は、データセンターが一つ増えたことではありません。,ポジティブ
2026-08-01 08:29:35,2026-08-01 07:46:01,東京電力,返信先:@megu_falenchジャパン電力とかかな 東京電力にしないとカモられます🦆,ネガティブ
2026-08-01 08:29:35,2026-07-31 21:43:00,東京電力,むかしは 東京電力は災害時 停電を復旧させてくれる ヒーローだった 福島原子力発電所の件があるまでは,ポジティブ
2026-08-01 08:29:35,2026-07-31 22:05:00,東京電力,返信先:@TEPCO_SA東京電力グループのテプコ・ソリューション・アドバンスの、電気安全を守るヒーロー🦸‍♂️ #分電マン 頼りにしてます🥰,ポジティブ
2026-08-01 08:29:35,2026-08-01 07:52:01,東京電力,新NISA辺りで 現物で高配当株（ちゃんと安定した所）を 大人しく持っていれば 少なくとも配当で回収できるのだから 東京電力みたいな事が無い限りは 火傷しないだろうになぁ ...さっさと、今の株を 全部NISAに叩き込んでやりたい,ポジティブ
2026-08-01 08:29:35,2026-07-31 22:02:00,東京電力,08/01(土)「#放射線量マップ(07/25-07/31）リスト」 ameblo.jp/koken-josen-ne… ※#行健除染ネット は市民ボランティアです。 --- -行健（こうけん）除染Net.– 福島県 福島市 郡山市 放射線量 除染 被曝 被ばく 原発問題 原発事故 東京電力 福島第一原発 原子力災害,ニュートラル
2026-08-01 08:29:35,2026-07-28 13:28:00,東京電力,当然そうなりますよね‼️😤 🪧東京電力ホールディングス 柏崎刈羽原発（新潟県）から青森県むつ市の中間貯蔵施設への「使用済み核燃料」の輸送 取りやめを発表 🪧 #トラブルだらけの柏崎刈羽原発の再起動に反対します #NoMoreFukushima #原発再稼働反対 今現在も「原子力緊急事態宣言」発令中 x.com/sasaturnaround…,ネガティブ
2026-08-01 08:29:35,2026-08-01 08:23:01,東京電力,tossさんによる本まとめ要約追加しました。「2026.7.30 東京電力中長期ロードマップ会見 #L.C.M.Press #おしどりキャス #令和八年熊本地震 #県民健康調査検討委員会 #廃炉 #燃料デブリ #2号機 #ロボットアーム #使用済燃料 #ALPS処理水 #乾式キャスク #焼却設備 #東電会見 #.. posfie.com/@uchida_kawasa…,ニュートラル
2026-08-01 08:29:35,2026-07-31 22:08:00,東京電力,「2026.7.30 東京電力中長期ロードマップ会見 #L.C.M.Press #おしどりキャス #令和八年熊本地震 #県民健康調査検討委員会 #廃炉 #燃料デブリ #2号機 #ロボットアーム #使用済燃料 #ALPS処理水 #乾式キャスク #焼却設備 #東電会見 #汚染水 #海洋投棄 #中東情勢 #中部電力浜岡.. posfie.com/@uchida_kawasa…,ニュートラル
2026-08-01 08:29:35,2026-07-31 22:00:00,東京電力,とにかく悪者探しが丸見え 東電の時と変わらない #フジテレビ #民法各局 #熊本地震2026,ネガティブ
2026-08-01 08:29:35,2026-07-31 22:20:00,東京電力,三菱UFJ 超過熱 ギャンブル株 博ち株 野村 超過熱 ギャンブル株 博ち株 三菱地所 反落 NTT 大幅反発 東電 大幅反発,ニュートラル
2026-08-01 08:29:35,2026-07-29 22:25:00,東京電力,菅直人は酷かったからね。東電本店に乗り込んで対策の妨害をしたことは民主党政権の黒歴史だ。 x.com/ochikoboredr/s…,ネガティブ
2026-08-01 08:29:35,2026-08-01 08:21:33,東京電力,吉田所長の証言。 「東電が撤退する」というデマを、確認もせずに信じ込み、東電に乗り込んだ菅直人は救い難い。 pic.x.com/BFBSt5WJrV,ネガティブ
2026-08-01 08:29:35,2026-08-01 08:25:51,中部電力,「中部電力ミライタワー」、ここ数年でらますと旅マスで何回も行ってるけど、いまだにテレビ塔のイメージが抜けなくて、最初に頭に出てくる絵面が東山スカイタワーになりがち,ニュートラル
2026-08-01 08:29:35,2026-07-31 22:14:00,中部電力,返信先:@kyodo_officialガイドラインに沿うよう改めるのではなく，名称を変えてガイドラインから逃れるという姑息な手段を取るところに，中部電力の無責任な体質がよく表れています。 ただでさえ危険な原発をこんないい加減な会社に運転させれば，国民の生命と生活が脅かされます。,ネガティブ
2026-08-01 08:29:35,2026-07-31 22:05:00,中部電力,返信先:@pan_nap9een時間あってのんびり時間潰したい・混んでる電車は嫌 って場合「観光路線バスメーグル」で約1時間座ってしっかり涼み(一部のバスは充電も可能) 中部電力ミライタワー下車すぐ下 但しこのバスも時間によっては混んでるので 並ぶ間に栄へ行けてしまう訳で 「1時間喫茶店で潰す位なら」推奨って感じ,ネガティブ
2026-08-01 08:29:35,2026-08-01 08:06:51,中部電力,news.yahoo.co.jp/articles/b16d4… (共同通信) ”中部電力浜岡原発（静岡県）の耐震設計に関わるデータ不正を調べる「第三者委員会」が、日弁連による第三者委ガイドライン（指針）に完全には準拠していないことが31日、同社への取材で分かった。この点を踏まえて名称を「調査委員会」に改めた。”→,ニュートラル
2026-08-01 08:29:35,2026-08-01 08:30:21,中部電力,🍇🎹福岡公演まであと１週間🎹🍇 Budo Classic 2026 Japan Tour 〜 LOVE LOVE LOVE 〜 budo-piano.com/tour2026/ 👇今後の公演👇 8月8日(土)福岡 FFGホール 8月11日(火祝)愛知 中電ホール 8月16日(日)東京 Bunkamura オーチャードホール 8月22日(土)岡山 ゆるびの舎 文化ホール 8月29日(土)宮城,ニュートラル
2026-08-01 08:29:35,2026-08-01 07:50:52,北陸電力,長期間「違法状態」 上水道と海水の配管を直接つなぐ 北陸電力敦賀火力発電所から周辺地域の上水道に海水が逆流 再発防止策を着実に進める意向(FBC 福井放送) #Yahooニュース 2026年7月28日 news.yahoo.co.jp/articles/74710…,ニュートラル
2026-08-01 08:29:35,2026-08-01 07:50:52,北陸電力,水道法違反の配管違法接続、新たに発電所4カ所で確認 北陸電力(朝日新聞) news.yahoo.co.jp/articles/7b235… 北陸電力は、敦賀火力で上水道に海水が逆流する事案が起きたことを受けて調査。発電所の「海水電解装置」で、海水を取り入れる配管と市の上水道が、水道法に反して直接つながっていたことがわかった,ネガティブ
2026-08-01 08:29:35,2026-08-01 07:55:40,関西電力,ん？聞き覚えのある声？と思ったら関西電力のCMチラ見できた〜❤️朝から阿部さんの声聞けて嬉しい❤️,ポジティブ
2026-08-01 08:29:35,2026-08-01 08:00:40,関西電力,エンタメ検定は、阿部サダヲと上白石萌歌が宇宙服姿で共演 関西電力の新CMだけど、公開されたのは一昨日 でも伝えるのは今朝 平気で遅い情報を出すんだね。 #グッドモーニング,ニュートラル
2026-08-01 08:29:35,2026-08-01 08:10:40,関西電力,電力会社から出向にきてる方が、四国、中国、関西電力あたりの60Hz帯で部品共通の電力会社が総出で行くから、復旧はかなり早いと思うって言ってたんだよな ほんと早い すごい とにかく電柱立てまくるらしい,ポジティブ
2026-08-01 08:29:35,2026-08-01 08:28:40,関西電力,水素普及の最大の壁は、作ることより「安く運び、環境価値を証明すること」かもしれない。 関西電力、川崎重工、JR西日本、JR貨物、NTTなど9社が、既存の鉄道と通信網を使った大規模・低炭素水素輸送の実証に動く。,ポジティブ
2026-08-01 08:29:35,2026-08-01 07:39:40,関西電力,ダムでは、川の環境を守るため、一定量の水を常に放流しています。 関西電力は、この放流水の勢いで発電する小鳥川発電所の運転を開始しました。最大出力は510kW、年間発電量は約257万kWh。一般家庭約820世帯分の年間使用量に相当します。,ニュートラル
2026-08-01 08:29:35,2026-07-31 21:50:00,関西電力,🏆布陣2026年8月🏆 比率は今週末段階 26/8/1 💹長期保有(91.2%) ① 三菱商事 ② 三井物産 ③ 伊藤忠 ④ 豊田通商 ⑤ 三菱UFJ⭕️ ⑥ 三井住友FG ⑦ 東京海上 ⑧ QQQ ⑨ VOO ⑩ MSFT ⑪ TSLA ⑫ SPCX ⑬ ARM ⑭ PLTR 💹中期保有(0.5%) ①日立 ②オリックス ③ 信越化学 ④ 関西電力 ⑤ヒューリック,ニュートラル
2026-08-01 08:29:35,2026-08-01 07:55:08,関西電力,上白石家の魔力が関電迄掌握かい #グッドモーニング,ニュートラル
2026-08-01 08:29:35,2026-07-31 22:34:00,関西電力,返信先:@arRyubox9それと前回の熊本の時に全国から高圧電源車が駆けつけた時の話を関電さん聞いた時は… 関電『九州ついたら、九電さんが全てを準備してくれていた』,ニュートラル
2026-08-01 08:29:35,2026-08-01 08:34:08,関西電力,関電不動産開発さんの新CMを取り上げていただきたいこと、CM INDEXさんに要望してきました。 ⬇️CM INDEXリクエスト💁‍♀️ krs.bz/cmdb/m/tvcmind…,ニュートラル
2026-08-01 08:29:35,2026-08-01 08:04:08,関西電力,返信先:@ruru09071029リボン電気❣️うちは関電のU-NEXTとガス付きです。まとめてDocomoだったんですがお値段変わらずでU-NEXT付きだったので。 一人でエアコン4台で全館空調してますが全部を24時間ゆるーくつけてる（うさぎ用以外は25度設定ミス）のといるときだけ急冷却するのとどっちが電気代が～💦,ニュートラル
2026-08-01 08:29:35,2026-07-31 22:35:00,中国電力,返信先:@ma_knmama大変失礼しました。 中国電力さんもラグビー繋がり。 素晴らしいです。,ポジティブ
2026-08-01 08:29:35,2026-07-31 21:49:00,中国電力,データがないのに「大丈夫です」って普通、言う？ #島根原発 #プルサーマル #中国電力 asahi.com/sp/articles/AS…,ニュートラル
2026-08-01 08:29:35,2026-08-01 08:30:26,中国電力,🍇🎹福岡公演まであと１週間🎹🍇 Budo Classic 2026 Japan Tour 〜 LOVE LOVE LOVE 〜 budo-piano.com/tour2026/ 👇今後の公演👇 8月8日(土)福岡 FFGホール 8月11日(火祝)愛知 中電ホール 8月16日(日)東京 Bunkamura オーチャードホール 8月22日(土)岡山 ゆるびの舎 文化ホール 8月29日(土)宮城,ニュートラル
2026-08-01 08:29:35,2026-08-01 08:09:58,四国電力,返信先:@kei_sakurai日本は電気回復はすごいだす、この度は中電工、四国電力らも行ったはず、ガスは遅いが、さすが西部ガス圏内は大丈夫みたい他のガスはまだダメがあるが、で電気が戻りましたか、倒壊半壊水道の一部だすね。,ポジティブ
2026-08-01 08:29:35,2026-07-31 10:28:00,九州電力,九州電力強すぎるだろ x.com/47news_officia…,ポジティブ
2026-08-01 08:29:35,2026-07-31 22:21:00,九州電力,さすが災害に強い九州電力長月@paranoia155622:21,ポジティブ
2026-08-01 08:29:35,2026-08-01 07:40:01,九州電力,すごすぎる。 九州電力、九電工、各地の電気工事やさん。 すごいよ。,ポジティブ
2026-08-01 08:29:35,2026-07-31 20:46:00,九州電力,九州電力、ありがとう🥹Cey@sakura_112412420:46,ポジティブ
2026-08-01 08:29:35,2026-07-31 22:03:00,九州電力,返信先:@47news_official九州電力会社さんありがとうございます😊,ポジティブ
2026-08-01 08:29:35,2026-07-31 11:53:00,九州電力,流石九州電力さん👏 水道はしばらく茶色いの出てたな x.com/kkt_4ch/status…,ネガティブ
2026-08-01 08:29:35,2026-07-31 21:59:00,九州電力,熊本県、水道電気通り始めてるんだね！ この猛暑の中、電気が通ったことはかなりでかい…。 #九州電力,ポジティブ
2026-08-01 08:29:35,2026-07-31 10:28:00,九州電力,九州電力（関係会社含む）の皆さま、猛暑の中お疲れさまでした x.com/47news_officia…,ポジティブ
2026-08-01 08:29:35,2026-07-31 22:05:00,九州電力,九州電力の災害対応は随一だろうな 毎年の台風で鍛えられてるからね x.com/romusukachan/s…,ニュートラル
2026-08-01 08:29:35,2026-08-01 08:12:01,九州電力,九州電力送配電さん 素早い復旧ありがとうございます。 2026 8 1 pic.x.com/B6Jk5g82sE,ポジティブ
2026-08-01 08:29:35,2026-08-01 08:09:01,九州電力,九州電力送配電さん 素早い復旧ありがとうございます。 2026 8 1 pic.x.com/HiLR9q3TBK,ポジティブ
2026-08-01 08:29:35,2026-07-31 10:28:00,九州電力,九州電力すごいな✨️ 地震からその後ずっと徹夜だったんだろうな…… お疲れ様です✨ x.com/47news_officia…,ポジティブ
2026-08-01 08:29:35,2026-08-01 08:20:01,九州電力,返信先:@angellamicchi一応おおもとの九州電力は昨日の夕方に復旧。断線などで停電してる家はあるけども 次は水道復旧だね,ポジティブ
2026-08-01 08:29:35,2026-08-01 08:21:01,九州電力,発送電分離から6年経っても 九州電力と九州電力送配電の違いは浸透せんわなぁ… 国とかですらこの認識だから どっちでもいいようでどっちでも良くは無いが…,ネガティブ
2026-08-01 08:29:35,2026-07-31 10:28:00,九州電力,バンザイ(ﾉ≧∀≦)ﾉ✨️✨️ 九州電力送配電の皆様、ありがとうございました🙏😭 エアコン無いとマジで辛い😭 x.com/47news_officia…,ネガティブ
2026-08-01 08:29:35,2026-08-01 07:42:01,九州電力,九電並びに応援されていた各位、お疲れ様でした。。。 →【速報】熊本の停電おおむね解消と九州電力 #47NEWS 47news.jp/14718260.html,ポジティブ
2026-08-01 08:29:35,2026-07-31 10:28:00,九州電力,震度７…しかも強い余震が断続的に続く中＆連日酷暑の中で、この復旧スピードにはどこまでも頭が下がる思いです。九州電力の皆様、本当にお疲れ様です。 x.com/47news_officia…,ネガティブ
2026-08-01 08:29:35,2026-07-31 14:43:00,九州電力,ローソンと九州電力は災害時の相互協力協定を結んでおり、その協定に基づいてローソンは、食料、歯ブラシ、歯磨き粉、下着、制汗シートなどの支援物資を現地に送ってくれました。 x.com/Sankei_news/st…,ニュートラル
2026-08-01 08:29:35,2026-08-01 08:38:01,九州電力,すごい！頑張れ！ 地震直後 約4万戸が停電したと発表。 九州電力送配電が復旧にあたり、7/31の午後に高圧配電線への送電が完了。 引き続き一部引き込み線の復旧を急いでいる。 pic.x.com/TVY2Knw4V9,ネガティブ
2026-08-01 08:29:35,2026-08-01 08:20:01,九州電力,返信先:@Kashiken_Mまあ、ガソリン⛽️が平時の様には手に入らないのは事実かと。 それと、電気は全面復旧しました。 九州電力送配電さん ありがとうございます😊 #頑張れ熊本 pic.x.com/FBL72ydvdt,ポジティブ
2026-08-01 08:29:35,2026-08-01 07:50:01,九州電力,7月の電気代節約額は？ 約2861円 発電量83.06kWh 3000円弱発電で賄えたのは良かった 九州電力からは 559.9kWh 16107円(基本料金その他別） #月末 #月末まとめ pic.x.com/6EaxVZ9DQy,ポジティブ
2026-08-01 08:29:35,2026-08-01 08:23:01,九州電力,返信先:@mika03142015u九州電力すごい！ 頑張れ九州！！！！！ 昨日、打ち合わせで銀座に行った時、 気になって、銀座の熊本のアンテナショップ行ってみたら、みんな支援の義援金とか、熊本のふるさとの品を大量買いしてました！！！,ポジティブ
2026-08-01 08:29:35,2026-07-31 22:15:00,九州電力,【最新AIイオンモール熊本爆発解析】その１消えた８本のタンクより人為的ミス説が浮上 田中嶺臣くん 九州電力 新川発電所 サージタンク ヘッドタンク 熊本県八代市 かれい川の湯 のぼり人形 のぼりガス youtu.be/pxNFsNQxLVU,ニュートラル
2026-08-01 08:29:35,2026-08-01 07:56:01,九州電力,【気になるニュース】 備忘録。今回の熊本地震では都市ガスより電気の方が復旧が早かった。7月31日時点で、八代市の都市ガスはまだ復旧していない。 熊本地震、被災地への電力供給が復旧 九州電力送配電 2026.7.31 nikkei.com/article/DGXZQO…,ニュートラル
2026-08-01 08:29:35,2026-08-01 08:34:01,九州電力,熊本地震による停電はすべて解消 九州電力発表(KBC九州朝日放送) #Yahooニュース 昨日夜のニュースで見かけて、、、。3日で復旧してよかった、、。水も大事ですけど、空調が、ほんとうに心配だったから。 news.yahoo.co.jp/articles/6e48e…,ポジティブ
2026-08-01 08:29:35,2026-07-31 22:34:00,九州電力,#熊本地震 熊本県の停電地域がゼロになっている❗️ 凄い❗️ この暑さの中、復旧活動に当たられた皆様、本当にご苦労さまでした🙏 他の生活安定のための復旧・支援活動も順調に進みますように🙏 九州電力送配電 停電情報 share.google/gz6uSP7gc9E0Fk…,ポジティブ
2026-08-01 08:29:35,2026-07-31 22:03:00,九州電力,返信先:@ai_withSBHあいさん、おはようございます。 清々しい朝になりました。 自宅は停電しているのですが、電気が使える隣の建物で生活しています。 ですから熱中症は心配ありません。 九州電力送配電にも連絡しましたし、自宅の停電も1週間以内に解消されると思います。,ポジティブ
2026-08-01 08:29:35,2026-08-01 08:15:01,九州電力,２次側の復旧はまだまだでしょうが、関係者様に感謝です。 停電の解消進む 高圧配電線の復旧完了 ホームページで熊本県内の停電軒数がゼロに 九州電力送配電(TBS NEWS DIG Powered by JNN) #Yahooニュース news.yahoo.co.jp/articles/714f8…,ポジティブ
2026-08-01 08:29:35,2026-08-01 08:03:01,九州電力,返信先:@cocolonn777おはようございます。JAG国際エナジー（現エネウィル）は阿蘇に太陽光施設を持つ実績がありますが、今回の令和8年熊本地震で避難所へ慈善の簡易電源を急速設置する計画や発表は、公式情報や報道で確認できませんでした。九州電力などが電源車を投入し、停電は31日夕までにほぼ復旧見込みです。,ニュートラル
2026-08-01 08:29:35,2026-08-01 08:12:01,九州電力,返信先:@GrwaNnKqMn5nG68福岡の有名企業で調べたら TOTO、安川電機、トヨタ自動車九州、九州電力、西日本鉄道（西鉄）、九州旅客鉄道（JR九州）、九電工（クラフティア）、コスモス薬品、ふくおかフィナンシャルグループ 震度7がきて遊べる会社なんてほぼ無い。 民官が必死になって調査、復旧、補修してる中で宴とは。,ニュートラル
2026-08-01 08:29:35,2026-07-31 14:43:00,九州電力,熊本イオンモール近くのローソンに１５分以上停車しているマスゴミの皆さん(日テレ、朝日、TBS、テレ朝 民放各社、朝日、読売、毎日新聞各社) ローソンは九州電力の災害復旧のライフポイントです。 お金払わないなら九州から出ていってください。 pic.x.com/hbjU0BsSHB x.com/Twilightepco/s…,ネガティブ
2026-08-01 08:29:35,2026-08-01 08:29:01,九州電力,令和八年熊本地震 7月28日に最大震度7の大地震が起きたのに8月1日現在で停電戸数0 この暑さの中どうされてるか心配だけど九州電力さんはすごい 不眠不休で頑張ってくださったんだろうな 被災された方々は引き続き大変かと思いますが1日も早く暮らしが元に戻りますように kyuden.co.jp/td_teiden/kyus… pic.x.com/N1HsricfE8,ネガティブ
2026-08-01 08:29:35,2026-08-01 08:14:34,九州電力,九電のフッ軽さは日本一だと思ってる,ポジティブ
2026-08-01 08:29:35,2026-07-31 21:17:00,九州電力,九電はようやっとるamo_@ct7bv521:17,ニュートラル
2026-08-01 08:29:35,2026-07-31 10:28:00,九州電力,九電GJ！ x.com/47news_officia…,ニュートラル
2026-08-01 08:29:35,2026-07-31 10:28:00,九州電力,ありがとう、九電 x.com/47news_officia…,ポジティブ
2026-08-01 08:29:35,2026-07-31 21:06:00,九州電力,九電への課金はまかせろー🫠みるこ@miruruko21:06,ニュートラル
2026-08-01 08:29:35,2026-07-31 22:30:00,九州電力,停電情報 九電 現場の人 グッジョブ！ pic.x.com/7yxsP7nCKn,ニュートラル
2026-08-01 08:29:35,2026-08-01 08:16:34,九州電力,九電は停電復旧したと言ってるけど家の周りまだ停電だし😭言ってるけど今日中回復するかな,ネガティブ
2026-08-01 08:29:35,2026-08-01 08:15:34,九州電力,返信先:@najina09九電が電気戻すのはすぐ出来ても漏電とかがあるような気がしちゃいますね,ネガティブ
2026-08-01 08:29:35,2026-08-01 07:53:34,九州電力,青柳行信です。２０２６年８月 １日(土) 原発止めよう！九電本店前広場第５５８４目。 544qmxbbs4gz.blog.fc2.com,ニュートラル
2026-08-01 08:29:35,2026-08-01 08:37:34,九州電力,今回、九電が本当によくやったと思う。 震度7食らってるのに３日で電気復旧させたのは本当にすごい。 協力した事業者様方本当にお疲れさまでした。,ポジティブ
2026-08-01 08:29:35,2026-08-01 07:54:34,九州電力,返信先:@marrrry_pokecaその企業か分からないですが、ユナイトが社内研修に使われてるってニュースになってた気がします！たしか九電だったかな🤔,ニュートラル
2026-08-01 08:29:35,2026-08-01 08:09:34,九州電力,青柳行信です。２０２６年８月 １日(土) 原発止めよう！九電本店前広場第５５８４目。 osariki.blog.fc2.com/blog-entry-563…,ニュートラル
2026-08-01 08:29:35,2026-07-31 22:34:00,九州電力,返信先:@arRyubox9それと前回の熊本の時に全国から高圧電源車が駆けつけた時の話を関電さん聞いた時は… 関電『九州ついたら、九電さんが全てを準備してくれていた』,ニュートラル
2026-08-01 08:29:35,2026-08-01 08:22:34,九州電力,おい八代市…全域停電解除じゃなかったの？ まさかの職場まだ停電してるんですけど笑笑笑 九電さんに届くといいな😭 #八代市渡町 #拡散希望 pic.x.com/wJC8k5fiM2,ポジティブ
2026-08-01 08:29:35,2026-07-31 10:28:00,九州電力,九電すごい！ よく頑張った！ 残るは水なんだけど（下水含む） 取水源からやられているので かなり時間かかりそう。 全国から水道・配管マンの皆さんが 応援にきて全力対応していると 思いますが本当に頑張ってもらいたい。 （手伝いに行きたい気分） x.com/47news_officia…,ポジティブ
2026-08-01 08:29:35,2026-07-31 22:10:00,九州電力,返信先:@romusukachan九電さんは、台風でもよく停電しますが、頑張って復旧されてますね。まだ台風の方が余震がない分、過ぎて終えば作業しやすいだろうと予想します。それでも、クレームは多いようです。水道はどこがやられてるか探すのも大変そうですね。暑い中大変ですが、気をつけて作業いただきたいなと思います。,ポジティブ
2026-08-01 08:29:35,2026-07-31 10:28:00,九州電力,インフラの復旧こそが生命線🔥 九電は交代制のシフトを組んで、24時間復旧作業をやってくれたのだろう。 もう、感謝しかない。 クーラーや扇風機が使える。 冷蔵庫が使える。 一方隣県の福岡ではサイコパス松尾がビアパーティー。 「やって良かった」 パーティーの収益全額寄付しろ! このキチ○イ💢 x.com/47news_officia…,ポジティブ
2026-08-01 08:29:35,2026-08-01 07:58:34,九州電力,2026.8.1 姶良球場にて 天皇賜杯鹿児島県予選 決勝戦 九電鹿児島さんと対戦します 社会人軟式野球をもっと広めていくため テレビ放送することになりました 放送は8月22日です 優勝して奈良県で開催される本大会に出場できるよう頑張ります #社会人軟式野球 #軟式野球 #野球 #天皇賜杯 pic.x.com/74nABtCS3U,ポジティブ
2026-08-01 08:29:35,2026-08-01 08:21:17,オクトパスエナジー,"この紹介用URLからオクトパスエナジーに切り替えて、8,000円分のボーナスをゲットしよう！： octopusenergy.co.jp/friend/playful… #タコ友",ポジティブ
2026-08-01 08:29:35,2026-08-01 08:13:17,オクトパスエナジー,"安いよここ…！ この紹介用URLからオクトパスエナジーに切り替えて、8,000円分のボーナスをゲットしよう！： octopusenergy.co.jp/friend/fawn-gl… #タコ友",ポジティブ
2026-08-01 08:29:35,2026-08-01 08:18:17,オクトパスエナジー,"今日も暑いです！今こそ電気代をお得にしましょう🉐この紹介用URLからオクトパスエナジーに切り替えて、8,000円分のボーナスをゲットしよう！： octopusenergy.co.jp/friend/river-r… #タコ友",ポジティブ
2026-08-01 08:29:35,2026-08-01 07:41:17,オクトパスエナジー,オクトパスエナジーを考えてる方、よろしければ使ってください。 紹介割り引きで8000円の値引きがつきます。 ご参考までにですが、使い始めて2年が経ちますが毎月1000～2000円くらい安くなりました。 octopusenergy.co.jp/friend/kind-co…,ポジティブ
2026-08-01 08:29:35,2026-07-31 22:20:00,オクトパスエナジー,"🉐電気代をお安くしたい方必見🉐 ✨オクトパスエナジーに新規契約で8,000円分の電気料金から引かれます♪ ☑️こちらからお申込で8千円分適用されます👇 【公式サイト】 octopusenergy.co.jp/friend/zappy-l… ご契約前に郵便番号を入力するだけで、大体の料金も出るので安心です🌸",ポジティブ
2026-08-01 08:29:35,2026-08-01 08:37:17,オクトパスエナジー,"キオクシアがどうなるか、気になる週末。確実に得できるのが #オクトパスエナジー の #友達紹介割 です。乗換で8000円分の電気代が無料になります。特典を使い切った後、即他社に乗換てもペナルティなし。ノーリスクで8,000円分の特典が即適用。乗換え手数料とかもありません。octopusenergy.co.jp/friend/soft-sk…",ポジティブ
2026-08-01 08:29:35,2026-08-01 08:28:17,オクトパスエナジー,"#夏のハッピーアワー 参加登録受付スタート 毎日11:00〜13:00の電気をおトクに使える大人気キャンペーンが帰ってきた！ 特設サイトのボタンをポチッと押すだけでエントリー完了♪ 実施期間は7/16〜9/16 ↓の紹介用URLからオクトパスエナジーを契約で8,000円分の㌽をGET octopusenergy.co.jp/friend/topaz-b… 8",ポジティブ
2026-08-01 08:29:35,2026-08-01 08:12:17,オクトパスエナジー,BMW「iX3」日本デビュー～今週の気になるEV_News(2026.8.1) 1.BMW「iX3」日本デビュー 2.オクトパスエナジー イギリスの再エネ会社 3.日経の見出し「EVがガソリン車を初の逆転」とは の3本です。 youtu.be/nrhP91OcMrk?si… #iX3 #bmw #octopusenergy #ev_news #evnews pic.x.com/hfz2a22ODl,ニュートラル
